drug_id,country,drug_group,year,kg
1,South Africa,ecstasy,2021,100
2,South Africa,ecstasy,2021,10
3,South Africa,amphetaminetype,2021,2000
4,South Africa,amphetaminetype,2021,45991
5,South Africa,amphetaminetype,2021,600
6,South Africa,cannabistype,2021,6978
7,South Africa,cannabistype,2021,1000
8,South Africa,cannabistype,2021,34460
9,South Africa,cocainetype,2021,34
10,South Africa,cocainetype,2021,528679
11,South Africa,hallucinogens,2021,10000
12,South Africa,nps,2021,25868
13,South Africa,opioids,2021,15826
14,South Africa,opioids,2021,150
15,South Africa,sedatives,2021,30900
16,South Africa,sedatives,2021,4977
17,South Africa,ecstasy,2020,16
18,South Africa,cannabistype,2020,325134
19,South Africa,cannabistype,2020,7600
20,South Africa,cannabistype,2020,1245
21,South Africa,cocainetype,2020,300
22,South Africa,cocainetype,2020,1
23,South Africa,cocainetype,2020,100
24,South Africa,nps,2020,26357
25,South Africa,ecstasy,2018,600
26,South Africa,amphetaminetype,2018,300
27,South Africa,amphetaminetype,2018,11100
28,South Africa,cannabistype,2018,691500
29,South Africa,cannabistype,2018,400
30,South Africa,cannabistype,2018,80800
31,South Africa,cannabistype,2018,200
32,South Africa,cannabistype,2018,100
33,South Africa,cocainetype,2018,13200
34,South Africa,nps,2018,10800
35,South Africa,nps,2018,296900
36,South Africa,nps,2018,1000
37,South Africa,opioids,2018,7600
38,South Africa,ecstasy,2017,900
39,South Africa,amphetaminetype,2017,48300
40,South Africa,amphetaminetype,2017,26100
41,South Africa,cocainetype,2017,21000
42,South Africa,hallucinogens,2017,400
43,South Africa,opioids,2017,13800
44,South Africa,precursors,2017,37700
45,South Africa,sedatives,2017,433500
46,Jamaica,cannabistype,2021,1500000
47,Jamaica,cocainetype,2021,29000
48,Jamaica,cannabistype,2020,2600000
49,Jamaica,cocainetype,2020,67000
50,Jamaica,cannabistype,2019,2400000
51,Jamaica,cocainetype,2019,163000
52,Trinidad and Tobago,cannabistype,2021,348690
53,Trinidad and Tobago,cannabistype,2021,251070
54,Trinidad and Tobago,cannabistype,2021,116
55,Trinidad and Tobago,cocainetype,2021,22110
56,Trinidad and Tobago,hallucinogens,2021,1
57,Trinidad and Tobago,sedatives,2021,35
58,Trinidad and Tobago,cannabistype,2020,236020
59,Trinidad and Tobago,cocainetype,2020,67910
60,Trinidad and Tobago,cannabistype,2019,289000
61,Trinidad and Tobago,cocainetype,2019,32000
62,Belize,cannabistype,2021,86890
63,Belize,cocainetype,2021,260
64,Belize,cocainetype,2021,98970
65,Belize,opioids,2021,440
66,Belize,cannabistype,2019,42100
67,Belize,cannabistype,2019,100
68,Belize,cannabistype,2019,200
69,Belize,cocainetype,2019,300
70,Belize,cocainetype,2019,136900
71,Belize,opioids,2019,200
72,Costa Rica,ecstasy,2021,216
73,Costa Rica,cannabistype,2021,2166019
74,Costa Rica,cannabistype,2021,8161920
75,Costa Rica,cannabistype,2021,1
76,Costa Rica,cocainetype,2021,3600
77,Costa Rica,cocainetype,2021,4431210
78,Costa Rica,opioids,2021,52
79,Costa Rica,amphetaminetype,2020,514
80,Costa Rica,cannabistype,2020,1255230
81,Costa Rica,cannabistype,2020,3673970
82,Costa Rica,cocainetype,2020,4712736
83,Costa Rica,cocainetype,2020,2921
84,Costa Rica,amphetaminetype,2019,1100
85,Costa Rica,cannabistype,2019,1681500
86,Costa Rica,cannabistype,2019,14195000
87,Costa Rica,cocainetype,2019,2800
88,Costa Rica,cocainetype,2019,3113200
89,Costa Rica,ecstasy,2018,1500
90,Costa Rica,cannabistype,2018,623100
91,Costa Rica,cannabistype,2018,13462700
92,Costa Rica,cocainetype,2018,3200
93,Costa Rica,cocainetype,2018,2754600
94,Costa Rica,ecstasy,2017,1500
95,Costa Rica,cannabistype,2017,734700
96,Costa Rica,cannabistype,2017,19213000
97,Costa Rica,cocainetype,2017,3200
98,Costa Rica,cocainetype,2017,2792500
99,Canada,ecstasy,2021,2
100,Canada,ecstasy,2021,7409
101,Canada,ecstasy,2021,912
102,Canada,amphetaminetype,2021,374
103,Canada,amphetaminetype,2021,166853
104,Canada,amphetaminetype,2021,27136
105,Canada,cannabistype,2021,1297563
106,Canada,cannabistype,2021,4889741
107,Canada,cannabistype,2021,2942
108,Canada,cannabistype,2021,4691
109,Canada,cannabistype,2021,17396
110,Canada,cannabistype,2021,66
111,Canada,cannabistype,2021,31761
112,Canada,cannabistype,2021,9620
113,Canada,cannabistype,2021,2522020
114,Canada,cannabistype,2021,284
115,Canada,cannabistype,2021,11
116,Canada,cannabistype,2021,128455
117,Canada,cannabistype,2021,1345
118,Canada,cannabistype,2021,2
119,Canada,cocainetype,2021,100609
120,Canada,cocainetype,2021,279194
121,Canada,cocainetype,2021,34
122,Canada,cocainetype,2021,46859
123,Canada,cocainetype,2021,1140
124,Canada,hallucinogens,2021,1
125,Canada,hallucinogens,2021,192
126,Canada,hallucinogens,2021,363172
127,Canada,hallucinogens,2021,235
128,Canada,opioids,2021,375
129,Canada,opioids,2021,1
130,Canada,opioids,2021,19832
131,Canada,opioids,2021,249
132,Canada,opioids,2021,417
133,Canada,opioids,2021,234
134,Canada,opioids,2021,120402
135,Canada,opioids,2021,43
136,Canada,opioids,2021,18
137,Canada,opioids,2021,17
138,Canada,opioids,2021,4186
139,Canada,opioids,2021,13880
140,Canada,opioids,2021,174
141,Canada,opioids,2021,2593
142,Canada,opioids,2021,64792
143,Canada,opioids,2021,182
144,Canada,opioids,2021,196
145,Canada,opioids,2021,1510
146,Canada,opioids,2021,2
147,Canada,opioids,2021,1164
148,Canada,opioids,2021,574
149,Canada,sedatives,2021,161
150,Canada,sedatives,2021,67
151,Canada,sedatives,2021,123
152,Canada,sedatives,2021,172
153,Canada,sedatives,2021,8
154,Canada,sedatives,2021,19570
155,Canada,sedatives,2021,3
156,Canada,sedatives,2021,113463
157,Canada,sedatives,2021,55801
158,Canada,ecstasy,2020,100
159,Canada,ecstasy,2020,2435
160,Canada,ecstasy,2020,278
161,Canada,amphetaminetype,2020,48
162,Canada,amphetaminetype,2020,1394
163,Canada,amphetaminetype,2020,5068
164,Canada,amphetaminetype,2020,3381
165,Canada,amphetaminetype,2020,244347
166,Canada,amphetaminetype,2020,20634
167,Canada,amphetaminetype,2020,619
168,Canada,amphetaminetype,2020,505
169,Canada,amphetaminetype,2020,142
170,Canada,cannabistype,2020,20892
171,Canada,cannabistype,2020,594
172,Canada,cannabistype,2020,3452495
173,Canada,cannabistype,2020,2172
174,Canada,cannabistype,2020,11703
175,Canada,cannabistype,2020,28
176,Canada,cannabistype,2020,1
177,Canada,cannabistype,2020,950
178,Canada,cannabistype,2020,280
179,Canada,cannabistype,2020,2
180,Canada,cannabistype,2020,10346
181,Canada,cannabistype,2020,1605
182,Canada,cocainetype,2020,81
183,Canada,cocainetype,2020,1272
184,Canada,cocainetype,2020,1209
185,Canada,cocainetype,2020,209689
186,Canada,cocainetype,2020,25
187,Canada,cocainetype,2020,1
188,Canada,cocainetype,2020,1139
189,Canada,hallucinogens,2020,102
190,Canada,hallucinogens,2020,110
191,Canada,hallucinogens,2020,2
192,Canada,hallucinogens,2020,1560
193,Canada,hallucinogens,2020,2903
194,Canada,hallucinogens,2020,1
195,Canada,hallucinogens,2020,331
196,Canada,hallucinogens,2020,29969
197,Canada,hallucinogens,2020,7
198,Canada,hallucinogens,2020,22
199,Canada,opioids,2020,61
200,Canada,opioids,2020,12621
201,Canada,opioids,2020,4
202,Canada,opioids,2020,148
203,Canada,opioids,2020,317
204,Canada,opioids,2020,127
205,Canada,opioids,2020,54
206,Canada,opioids,2020,87233
207,Canada,opioids,2020,81
208,Canada,opioids,2020,2
209,Canada,opioids,2020,7
210,Canada,opioids,2020,997
211,Canada,opioids,2020,2925
212,Canada,opioids,2020,85
213,Canada,opioids,2020,621
214,Canada,opioids,2020,63099
215,Canada,opioids,2020,237
216,Canada,opioids,2020,885
217,Canada,opioids,2020,1585
218,Canada,opioids,2020,5
219,Canada,opioids,2020,1307
220,Canada,opioids,2020,502
221,Canada,opioids,2020,3
222,Canada,sedatives,2020,110
223,Canada,sedatives,2020,152
224,Canada,sedatives,2020,23
225,Canada,sedatives,2020,10
226,Canada,sedatives,2020,9728
227,Canada,sedatives,2020,34
228,Canada,sedatives,2020,5
229,Canada,sedatives,2020,75
230,Canada,sedatives,2020,19
231,Canada,sedatives,2020,4624
232,Canada,sedatives,2020,6
233,Canada,sedatives,2020,7491
234,Canada,sedatives,2020,16216
235,Canada,ecstasy,2019,100
236,Canada,ecstasy,2019,4600
237,Canada,ecstasy,2019,900
238,Canada,ecstasy,2019,200
239,Canada,amphetaminetype,2019,1900
240,Canada,amphetaminetype,2019,2600
241,Canada,amphetaminetype,2019,11200
242,Canada,amphetaminetype,2019,81000
243,Canada,amphetaminetype,2019,17200
244,Canada,amphetaminetype,2019,70000
245,Canada,amphetaminetype,2019,75000
246,Canada,amphetaminetype,2019,600
247,Canada,amphetaminetype,2019,100
248,Canada,any,2019,2000
249,Canada,any,2019,170200
250,Canada,any,2019,100
251,Canada,any,2019,1000
252,Canada,any,2019,141700
253,Canada,any,2019,3372000
254,Canada,any,2019,200
255,Canada,any,2019,35300
256,Canada,cannabistype,2019,124700
257,Canada,cannabistype,2019,196800
258,Canada,cannabistype,2019,400
259,Canada,cannabistype,2019,6100
260,Canada,cannabistype,2019,99400
261,Canada,cannabistype,2019,1698200
262,Canada,cannabistype,2019,15556900
263,Canada,cannabistype,2019,5900
264,Canada,cannabistype,2019,6300
265,Canada,cannabistype,2019,24800
266,Canada,cannabistype,2019,100
267,Canada,cannabistype,2019,300
268,Canada,cannabistype,2019,500
269,Canada,cannabistype,2019,16800
270,Canada,cannabistype,2019,23200
271,Canada,cannabistype,2019,37000
272,Canada,cannabistype,2019,2400
273,Canada,cannabistype,2019,33200
274,Canada,cannabistype,2019,6800
275,Canada,cannabistype,2019,7800
276,Canada,cocainetype,2019,99600
277,Canada,cocainetype,2019,383000
278,Canada,cocainetype,2019,400
279,Canada,hallucinogens,2019,3400
280,Canada,hallucinogens,2019,300
281,Canada,hallucinogens,2019,100
282,Canada,hallucinogens,2019,49100
283,Canada,nps,2019,200
284,Canada,nps,2019,22000
285,Canada,nps,2019,881700
286,Canada,opioids,2019,100
287,Canada,opioids,2019,9800
288,Canada,opioids,2019,57000
289,Canada,opioids,2019,1200
290,Canada,opioids,2019,200
291,Canada,opioids,2019,1900
292,Canada,opioids,2019,5100
293,Canada,opioids,2019,800
294,Canada,opioids,2019,12300
295,Canada,opioids,2019,600
296,Canada,opioids,2019,900
297,Canada,opioids,2019,500
298,Canada,opioids,2019,6000
299,Canada,opioids,2019,300
300,Canada,precursors,2019,700
301,Canada,sedatives,2019,400
302,Canada,sedatives,2019,900
303,Canada,sedatives,2019,200
304,Canada,sedatives,2019,1700
305,Canada,sedatives,2019,700
306,Canada,sedatives,2019,100
307,Canada,sedatives,2019,500
308,Canada,sedatives,2019,4200
309,Canada,sedatives,2019,32400
310,Canada,ecstasy,2018,400
311,Canada,ecstasy,2018,2500
312,Canada,ecstasy,2018,300
313,Canada,ecstasy,2018,100
314,Canada,ecstasy,2018,1900
315,Canada,amphetaminetype,2018,100
316,Canada,amphetaminetype,2018,1800
317,Canada,amphetaminetype,2018,400
318,Canada,amphetaminetype,2018,37900
319,Canada,amphetaminetype,2018,12100
320,Canada,amphetaminetype,2018,24500
321,Canada,amphetaminetype,2018,700
322,Canada,any,2018,1800
323,Canada,any,2018,21800
324,Canada,any,2018,300
325,Canada,cannabistype,2018,1700
326,Canada,cannabistype,2018,3800
327,Canada,cannabistype,2018,8400
328,Canada,cannabistype,2018,1217600
329,Canada,cannabistype,2018,5500
330,Canada,cannabistype,2018,900
331,Canada,cannabistype,2018,2600
332,Canada,cannabistype,2018,11300
333,Canada,cannabistype,2018,4100
334,Canada,cannabistype,2018,72400
335,Canada,cannabistype,2018,100
336,Canada,cannabistype,2018,135300
337,Canada,cannabistype,2018,200
338,Canada,cannabistype,2018,3300
339,Canada,cannabistype,2018,1200
340,Canada,cannabistype,2018,10600
341,Canada,cocainetype,2018,100
342,Canada,cocainetype,2018,1200
343,Canada,cocainetype,2018,166300
344,Canada,cocainetype,2018,300
345,Canada,cocainetype,2018,7400
346,Canada,hallucinogens,2018,4700
347,Canada,hallucinogens,2018,1600
348,Canada,hallucinogens,2018,100
349,Canada,hallucinogens,2018,2500
350,Canada,hallucinogens,2018,300
351,Canada,hallucinogens,2018,700
352,Canada,hallucinogens,2018,9100
353,Canada,nps,2018,1000
354,Canada,nps,2018,79300
355,Canada,opioids,2018,100
356,Canada,opioids,2018,8500
357,Canada,opioids,2018,900
358,Canada,opioids,2018,28700
359,Canada,opioids,2018,1600
360,Canada,opioids,2018,200
361,Canada,opioids,2018,3600
362,Canada,opioids,2018,500
363,Canada,sedatives,2018,1200
364,Canada,sedatives,2018,2000
365,Canada,sedatives,2018,900
366,Canada,sedatives,2018,1700
367,Canada,sedatives,2018,10200
368,Canada,ecstasy,2017,300
369,Canada,ecstasy,2017,4800
370,Canada,ecstasy,2017,200
371,Canada,amphetaminetype,2017,100
372,Canada,amphetaminetype,2017,200
373,Canada,amphetaminetype,2017,7000
374,Canada,amphetaminetype,2017,300
375,Canada,amphetaminetype,2017,28700
376,Canada,amphetaminetype,2017,8800
377,Canada,amphetaminetype,2017,45700
378,Canada,any,2017,3400
379,Canada,any,2017,79600
380,Canada,any,2017,8400
381,Canada,any,2017,11000
382,Canada,any,2017,100
383,Canada,any,2017,5900
384,Canada,any,2017,700
385,Canada,any,2017,2200
386,Canada,any,2017,14100
387,Canada,any,2017,19100
388,Canada,cannabistype,2017,1400
389,Canada,cannabistype,2017,29400
390,Canada,cannabistype,2017,1639000
391,Canada,cannabistype,2017,1600
392,Canada,cannabistype,2017,6000
393,Canada,cannabistype,2017,600
394,Canada,cannabistype,2017,500
395,Canada,cannabistype,2017,300
396,Canada,cannabistype,2017,30000
397,Canada,cannabistype,2017,4232100
398,Canada,cannabistype,2017,2600
399,Canada,cannabistype,2017,100
400,Canada,cannabistype,2017,35100
401,Canada,cannabistype,2017,2900
402,Canada,cannabistype,2017,400
403,Canada,cannabistype,2017,1000
404,Canada,cocainetype,2017,181900
405,Canada,cocainetype,2017,500
406,Canada,cocainetype,2017,3000
407,Canada,cocainetype,2017,200
408,Canada,cocainetype,2017,2600
409,Canada,hallucinogens,2017,200
410,Canada,hallucinogens,2017,100
411,Canada,hallucinogens,2017,6600
412,Canada,hallucinogens,2017,700
413,Canada,hallucinogens,2017,300
414,Canada,hallucinogens,2017,5600
415,Canada,nps,2017,100
416,Canada,nps,2017,55100
417,Canada,nps,2017,1000
418,Canada,nps,2017,41600
419,Canada,nps,2017,200
420,Canada,opioids,2017,200
421,Canada,opioids,2017,13900
422,Canada,opioids,2017,100
423,Canada,opioids,2017,30600
424,Canada,opioids,2017,400
425,Canada,opioids,2017,1700
426,Canada,opioids,2017,4600
427,Canada,opioids,2017,300
428,Canada,opioids,2017,5700
429,Canada,opioids,2017,700
430,Canada,precursors,2017,400
431,Canada,precursors,2017,500
432,Canada,precursors,2017,2000
433,Canada,sedatives,2017,1900
434,Canada,sedatives,2017,2700
435,Canada,sedatives,2017,1000
436,Canada,sedatives,2017,6300
437,Canada,sedatives,2017,900
438,Canada,sedatives,2017,3000
439,Mexico,ecstasy,2021,10
440,Mexico,ecstasy,2021,71
441,Mexico,amphetaminetype,2021,7
442,Mexico,amphetaminetype,2021,1189145
443,Mexico,amphetaminetype,2021,2944536
444,Mexico,cannabistype,2021,9133595
445,Mexico,cannabistype,2021,34390
446,Mexico,cannabistype,2021,10899
447,Mexico,cocainetype,2021,6
448,Mexico,cocainetype,2021,1500111
449,Mexico,hallucinogens,2021,2
450,Mexico,opioids,2021,28167
451,Mexico,opioids,2021,9019
452,Mexico,opioids,2021,2000
453,Mexico,opioids,2021,92168
454,Mexico,opioids,2021,34238
455,Mexico,opioids,2021,1520
456,Mexico,opioids,2021,4
457,Mexico,ecstasy,2020,63
458,Mexico,amphetaminetype,2020,26
459,Mexico,amphetaminetype,2020,1890503
460,Mexico,cannabistype,2020,15772484
461,Mexico,cannabistype,2020,82510
462,Mexico,cannabistype,2020,1273
463,Mexico,cannabistype,2020,31693
464,Mexico,cocainetype,2020,2115166
465,Mexico,hallucinogens,2020,215
466,Mexico,opioids,2020,28614
467,Mexico,opioids,2020,28449
468,Mexico,amphetaminetype,2019,200
469,Mexico,cannabistype,2019,900
470,Mexico,hallucinogens,2019,100
471,Mexico,opioids,2019,35800
472,Mexico,opioids,2019,767000
473,Mexico,ecstasy,2019,100
474,Mexico,amphetaminetype,2019,100
475,Mexico,amphetaminetype,2019,982900
476,Mexico,amphetaminetype,2019,2219700
477,Mexico,cannabistype,2019,21855700
478,Mexico,cannabistype,2019,82000
479,Mexico,cannabistype,2019,23500
480,Mexico,cocainetype,2019,1243000
481,Mexico,opioids,2019,40900
482,Mexico,opioids,2019,400
483,Mexico,opioids,2019,44000
484,Mexico,opioids,2019,18500
485,Mexico,opioids,2019,2800
486,Mexico,amphetaminetype,2018,300
487,Mexico,amphetaminetype,2018,1755800
488,Mexico,amphetaminetype,2018,1630700
489,Mexico,cannabistype,2018,23098700
490,Mexico,cannabistype,2018,289300
491,Mexico,cannabistype,2018,200
492,Mexico,cannabistype,2018,60900
493,Mexico,cocainetype,2018,1649000
494,Mexico,opioids,2018,49200
495,Mexico,opioids,2018,33700
496,Mexico,opioids,2018,34300
497,Mexico,opioids,2018,1900
498,Mexico,ecstasy,2017,100
499,Mexico,amphetaminetype,2017,100
500,Mexico,amphetaminetype,2017,1033000
501,Mexico,amphetaminetype,2017,1304400
502,Mexico,cannabistype,2017,40031000
503,Mexico,cannabistype,2017,346200
504,Mexico,cannabistype,2017,700
505,Mexico,cannabistype,2017,171600
506,Mexico,cocainetype,2017,100
507,Mexico,cocainetype,2017,1199700
508,Mexico,opioids,2017,32100
509,Mexico,opioids,2017,600
510,Mexico,opioids,2017,17900
511,Mexico,opioids,2017,76400
512,Mexico,opioids,2017,2018700
513,Argentina,ecstasy,2021,317
514,Argentina,ecstasy,2021,889
515,Argentina,amphetaminetype,2021,588
516,Argentina,amphetaminetype,2021,930
517,Argentina,amphetaminetype,2021,25
518,Argentina,amphetaminetype,2021,3
519,Argentina,amphetaminetype,2021,63
520,Argentina,amphetaminetype,2021,2
521,Argentina,amphetaminetype,2021,11
522,Argentina,amphetaminetype,2021,1
523,Argentina,amphetaminetype,2021,125
524,Argentina,any,2021,2
525,Argentina,any,2021,1790
526,Argentina,any,2021,1913
527,Argentina,cannabistype,2021,25420561
528,Argentina,cannabistype,2021,1879
529,Argentina,cannabistype,2021,1
530,Argentina,cannabistype,2021,4397
531,Argentina,cannabistype,2021,452163
532,Argentina,cannabistype,2021,483580
533,Argentina,cannabistype,2021,16
534,Argentina,cannabistype,2021,113
535,Argentina,cannabistype,2021,23
536,Argentina,cannabistype,2021,300846
537,Argentina,cannabistype,2021,1027
538,Argentina,cannabistype,2021,5963
539,Argentina,cannabistype,2021,1606
540,Argentina,cannabistype,2021,5
541,Argentina,cocainetype,2021,625731
542,Argentina,cocainetype,2021,111
543,Argentina,cocainetype,2021,13256920
544,Argentina,cocainetype,2021,704
545,Argentina,hallucinogens,2021,1
546,Argentina,hallucinogens,2021,24
547,Argentina,hallucinogens,2021,405
548,Argentina,hallucinogens,2021,500
549,Argentina,hallucinogens,2021,26
550,Argentina,hallucinogens,2021,2
551,Argentina,hallucinogens,2021,10
552,Argentina,nps,2021,128
553,Argentina,nps,2021,8363
554,Argentina,opioids,2021,2
555,Argentina,opioids,2021,300
556,Argentina,opioids,2021,1
557,Argentina,opioids,2021,4
558,Argentina,sedatives,2021,14
559,Argentina,sedatives,2021,1
560,Argentina,solvents,2021,976
561,Argentina,ecstasy,2020,6622
562,Argentina,ecstasy,2020,1443
563,Argentina,amphetaminetype,2020,89
564,Argentina,amphetaminetype,2020,23
565,Argentina,amphetaminetype,2020,4481
566,Argentina,amphetaminetype,2020,7
567,Argentina,amphetaminetype,2020,16
568,Argentina,amphetaminetype,2020,1
569,Argentina,any,2020,123
570,Argentina,any,2020,15
571,Argentina,cannabistype,2020,23662408
572,Argentina,cannabistype,2020,29
573,Argentina,cannabistype,2020,2
574,Argentina,cannabistype,2020,9977
575,Argentina,cannabistype,2020,202685
576,Argentina,cannabistype,2020,354280
577,Argentina,cannabistype,2020,453
578,Argentina,cannabistype,2020,97
579,Argentina,cannabistype,2020,23
580,Argentina,cannabistype,2020,163165
581,Argentina,cannabistype,2020,4491
582,Argentina,cannabistype,2020,7787
583,Argentina,cannabistype,2020,3
584,Argentina,cannabistype,2020,789
585,Argentina,cocainetype,2020,5621
586,Argentina,cocainetype,2020,1
587,Argentina,cocainetype,2020,550842
588,Argentina,cocainetype,2020,48
589,Argentina,cocainetype,2020,9305428
590,Argentina,hallucinogens,2020,1
591,Argentina,hallucinogens,2020,2
592,Argentina,hallucinogens,2020,25
593,Argentina,nps,2020,29
594,Argentina,nps,2020,5433
595,Argentina,opioids,2020,10
596,Argentina,opioids,2020,84
597,Argentina,opioids,2020,2300
598,Argentina,opioids,2020,19
599,Argentina,opioids,2020,3
600,Argentina,sedatives,2020,1
601,Argentina,sedatives,2020,10
602,Argentina,solvents,2020,575
603,Argentina,ecstasy,2019,8800
604,Argentina,ecstasy,2019,4500
605,Argentina,amphetaminetype,2019,100
606,Argentina,amphetaminetype,2019,6000
607,Argentina,amphetaminetype,2019,200
608,Argentina,any,2019,300
609,Argentina,cannabistype,2019,18735300
610,Argentina,cannabistype,2019,25600
611,Argentina,cannabistype,2019,100
612,Argentina,cannabistype,2019,700
613,Argentina,cannabistype,2019,173900
614,Argentina,cannabistype,2019,51500
615,Argentina,cannabistype,2019,195100
616,Argentina,cannabistype,2019,8200
617,Argentina,cannabistype,2019,1400
618,Argentina,cannabistype,2019,400
619,Argentina,cannabistype,2019,300
620,Argentina,cannabistype,2019,200
621,Argentina,cannabistype,2019,11500
622,Argentina,cocainetype,2019,1048900
623,Argentina,cocainetype,2019,2100
624,Argentina,cocainetype,2019,2500
625,Argentina,cocainetype,2019,13887900
626,Argentina,hallucinogens,2019,200
627,Argentina,hallucinogens,2019,100
628,Argentina,nps,2019,17800
629,Argentina,nps,2019,700
630,Argentina,opioids,2019,1100
631,Argentina,solvents,2019,700
632,Argentina,ecstasy,2018,600
633,Argentina,ecstasy,2018,1900
634,Argentina,amphetaminetype,2018,100
635,Argentina,amphetaminetype,2018,200
636,Argentina,cannabistype,2018,25620500
637,Argentina,cannabistype,2018,20000
638,Argentina,cannabistype,2018,100
639,Argentina,cannabistype,2018,500
640,Argentina,cannabistype,2018,6500
641,Argentina,cannabistype,2018,19200
642,Argentina,cannabistype,2018,41300
643,Argentina,cannabistype,2018,123500
644,Argentina,cannabistype,2018,6700
645,Argentina,cannabistype,2018,2300
646,Argentina,cocainetype,2018,1192200
647,Argentina,cocainetype,2018,200
648,Argentina,cocainetype,2018,7800
649,Argentina,cocainetype,2018,12607200
650,Argentina,hallucinogens,2018,1200
651,Argentina,nps,2018,2000
652,Argentina,nps,2018,800
653,Argentina,nps,2018,700
654,Argentina,solvents,2018,800
655,Argentina,any,2018,200
656,Argentina,ecstasy,2017,600
657,Argentina,ecstasy,2017,13100
658,Argentina,amphetaminetype,2017,2300
659,Argentina,amphetaminetype,2017,1000
660,Argentina,amphetaminetype,2017,200
661,Argentina,any,2017,100
662,Argentina,cannabistype,2017,17495000
663,Argentina,cannabistype,2017,7400
664,Argentina,cannabistype,2017,100
665,Argentina,cannabistype,2017,200
666,Argentina,cannabistype,2017,300
667,Argentina,cannabistype,2017,6100
668,Argentina,cannabistype,2017,4300
669,Argentina,cannabistype,2017,223300
670,Argentina,cannabistype,2017,2600
671,Argentina,cannabistype,2017,1200
672,Argentina,cocainetype,2017,1579000
673,Argentina,cocainetype,2017,900
674,Argentina,cocainetype,2017,9600
675,Argentina,cocainetype,2017,12961600
676,Argentina,hallucinogens,2017,300
677,Argentina,hallucinogens,2017,100
678,Argentina,nps,2017,13600
679,Argentina,nps,2017,4200
680,Argentina,nps,2017,100
681,Argentina,nps,2017,400
682,Argentina,opioids,2017,900
683,Argentina,opioids,2017,2500
684,Argentina,solvents,2017,100
685,Chile,ecstasy,2021,2260
686,Chile,cannabistype,2021,5861700
687,Chile,cannabistype,2021,6236940
688,Chile,cocainetype,2021,1006400
689,Chile,cocainetype,2021,636600
690,Chile,nps,2021,2479
691,Chile,ecstasy,2020,1609
692,Chile,ecstasy,2020,9913
693,Chile,amphetaminetype,2020,3
694,Chile,amphetaminetype,2020,8
695,Chile,amphetaminetype,2020,9
696,Chile,cannabistype,2020,2893300
697,Chile,cannabistype,2020,2849650
698,Chile,cocainetype,2020,572100
699,Chile,cocainetype,2020,748
700,Chile,hallucinogens,2020,7
701,Chile,nps,2020,21450
702,Chile,nps,2020,132
703,Chile,nps,2020,41
704,Chile,opioids,2020,144
705,Chile,precursors,2020,9170
706,Chile,precursors,2020,200
707,Chile,precursors,2020,675000
708,Chile,precursors,2020,938
709,Chile,sedatives,2020,123
710,Chile,sedatives,2020,8
711,Chile,ecstasy,2019,8600
712,Chile,ecstasy,2019,12400
713,Chile,amphetaminetype,2019,5700
714,Chile,cannabistype,2019,2025900
715,Chile,cannabistype,2019,101600
716,Chile,cannabistype,2019,2289100
717,Chile,cocainetype,2019,473300
718,Chile,cocainetype,2019,8200
719,Chile,cocainetype,2019,718200
720,Chile,nps,2019,14000
721,Chile,sedatives,2019,100
722,Chile,ecstasy,2018,7100
723,Chile,amphetaminetype,2018,1400
724,Chile,amphetaminetype,2018,100
725,Chile,cannabistype,2018,1684000
726,Chile,cannabistype,2018,2497600
727,Chile,cannabistype,2018,571300
728,Chile,cocainetype,2018,371400
729,Chile,cocainetype,2018,26000
730,Chile,cocainetype,2018,1405900
731,Chile,hallucinogens,2018,200
732,Chile,nps,2018,600
733,Chile,nps,2018,26100
734,Chile,ecstasy,2017,2100
735,Chile,ecstasy,2017,2200
736,Chile,amphetaminetype,2017,300
737,Chile,cannabistype,2017,1699600
738,Chile,cannabistype,2017,2456900
739,Chile,cannabistype,2017,900
740,Chile,cocainetype,2017,1254300
741,Chile,cocainetype,2017,602400
742,Chile,cocainetype,2017,700
743,Chile,hallucinogens,2017,700
744,Chile,nps,2017,700
745,Chile,sedatives,2017,100
746,Colombia,ecstasy,2021,691
747,Colombia,amphetaminetype,2021,819
748,Colombia,cannabistype,2021,49098420
749,Colombia,cocainetype,2021,8865539
750,Colombia,cocainetype,2021,66934005
751,Colombia,cocainetype,2021,133357
752,Colombia,cocainetype,2021,72100255
753,Colombia,opioids,2021,34343
754,Colombia,precursors,2021,105511924
755,Colombia,precursors,2021,20741029
756,Colombia,precursors,2021,13551600
757,Colombia,precursors,2021,31674813
758,Colombia,sedatives,2021,28
759,Colombia,ecstasy,2020,2572
760,Colombia,cannabistype,2020,53455935
761,Colombia,cocainetype,2020,7419379
762,Colombia,cocainetype,2020,50568255
763,Colombia,cocainetype,2020,54674383
764,Colombia,opioids,2020,26269
765,Colombia,precursors,2020,189271
766,Colombia,precursors,2020,323547643
767,Colombia,precursors,2020,10911866
768,Colombia,precursors,2020,6459742
769,Colombia,precursors,2020,18778732
770,Colombia,sedatives,2020,17
771,Colombia,ecstasy,2019,6700
772,Colombia,cannabistype,2019,37612700
773,Colombia,cocainetype,2019,5932500
774,Colombia,cocainetype,2019,42841800
775,Colombia,cocainetype,2019,147900
776,Colombia,cocainetype,2019,49754800
777,Colombia,hallucinogens,2019,100
778,Colombia,opioids,2019,35700
779,Colombia,opioids,2018,32900
780,Colombia,opioids,2018,3400
781,Colombia,ecstasy,2018,700
782,Colombia,cannabistype,2018,26444400
783,Colombia,cocainetype,2018,4238700
784,Colombia,cocainetype,2018,41338300
785,Colombia,cocainetype,2018,168400
786,Colombia,cocainetype,2018,45842900
787,Colombia,opioids,2018,3500
788,Colombia,ecstasy,2017,800
789,Colombia,cannabistype,2017,23942100
790,Colombia,cocainetype,2017,5242100
791,Colombia,cocainetype,2017,43473000
792,Colombia,cocainetype,2017,233000
793,Colombia,cocainetype,2017,61141300
794,Colombia,opioids,2017,44400
795,Ecuador,ecstasy,2021,178
796,Ecuador,amphetaminetype,2021,990
797,Ecuador,cannabistype,2021,3300763
798,Ecuador,cannabistype,2021,7510
799,Ecuador,cocainetype,2021,312964
800,Ecuador,cocainetype,2021,17353116
801,Ecuador,opioids,2021,51286
802,Ecuador,opioids,2021,459270
803,Ecuador,precursors,2021,3177000
804,Ecuador,precursors,2021,2213082
805,Ecuador,ecstasy,2020,38
806,Ecuador,ecstasy,2020,29
807,Ecuador,amphetaminetype,2020,4
808,Ecuador,amphetaminetype,2020,159
809,Ecuador,cannabistype,2020,3582851
810,Ecuador,cocainetype,2020,8919221
811,Ecuador,cocainetype,2020,296565
812,Ecuador,opioids,2020,44609
813,Ecuador,precursors,2020,5755000
814,Ecuador,precursors,2020,1793458
815,Ecuador,precursors,2020,2800
816,Ecuador,ecstasy,2019,400
817,Ecuador,amphetaminetype,2019,200
818,Ecuador,cannabistype,2019,2015400
819,Ecuador,cannabistype,2019,1277100
820,Ecuador,cocainetype,2019,296100
821,Ecuador,cocainetype,2019,3082300
822,Ecuador,cocainetype,2019,512000
823,Ecuador,opioids,2019,39100
824,Ecuador,opioids,2019,295300
825,Ecuador,precursors,2019,15920000
826,Ecuador,precursors,2019,64780200
827,Ecuador,amphetaminetype,2018,800
828,Ecuador,cannabistype,2018,1752300
829,Ecuador,cannabistype,2018,140200
830,Ecuador,cocainetype,2018,199500
831,Ecuador,cocainetype,2018,7740400
832,Ecuador,opioids,2018,23700
833,Ecuador,amphetaminetype,2017,100
834,Ecuador,cannabistype,2017,1471300
835,Ecuador,cannabistype,2017,4000
836,Ecuador,cannabistype,2017,2000
837,Ecuador,cocainetype,2017,185700
838,Ecuador,cocainetype,2017,8171400
839,Ecuador,opioids,2017,38100
840,Uruguay,ecstasy,2021,46
841,Uruguay,ecstasy,2021,57
842,Uruguay,amphetaminetype,2021,1
843,Uruguay,amphetaminetype,2021,173
844,Uruguay,cannabistype,2021,212998
845,Uruguay,cannabistype,2021,41380
846,Uruguay,cannabistype,2021,1801
847,Uruguay,cannabistype,2021,404
848,Uruguay,cocainetype,2021,119603
849,Uruguay,cocainetype,2021,207585
850,Uruguay,hallucinogens,2021,2
851,Uruguay,hallucinogens,2021,1
852,Uruguay,opioids,2021,48
853,Uruguay,ecstasy,2020,82
854,Uruguay,amphetaminetype,2020,51
855,Uruguay,cannabistype,2020,204886
856,Uruguay,cannabistype,2020,66280
857,Uruguay,cannabistype,2020,1951
858,Uruguay,cannabistype,2020,4116
859,Uruguay,cocainetype,2020,6
860,Uruguay,cocainetype,2020,148032
861,Uruguay,cocainetype,2020,64286
862,Uruguay,ecstasy,2019,400
863,Uruguay,cannabistype,2019,203000
864,Uruguay,cannabistype,2019,2500
865,Uruguay,cannabistype,2019,16500
866,Uruguay,cannabistype,2019,100
867,Uruguay,cocainetype,2019,6600
868,Uruguay,cocainetype,2019,1195600
869,Uruguay,ecstasy,2018,2300
870,Uruguay,amphetaminetype,2018,2800
871,Uruguay,cannabistype,2018,247100
872,Uruguay,cannabistype,2018,1700
873,Uruguay,cannabistype,2018,3700
874,Uruguay,cannabistype,2018,100
875,Uruguay,cocainetype,2018,16900
876,Uruguay,cocainetype,2018,58700
877,Uruguay,ecstasy,2017,300
878,Uruguay,amphetaminetype,2017,200
879,Uruguay,cannabistype,2017,189500
880,Uruguay,cannabistype,2017,1800
881,Uruguay,cannabistype,2017,19300
882,Uruguay,cannabistype,2017,100
883,Uruguay,cocainetype,2017,3200
884,Uruguay,cocainetype,2017,14400
885,Uruguay,cocainetype,2017,300
886,Thailand,ecstasy,2021,17821
887,Thailand,amphetaminetype,2021,5328152
888,Thailand,amphetaminetype,2021,2212673
889,Thailand,cannabistype,2021,6971192
890,Thailand,cannabistype,2021,586369
891,Thailand,cocainetype,2021,3611
892,Thailand,nps,2021,103189
893,Thailand,nps,2021,2540889
894,Thailand,opioids,2021,337004
895,Thailand,opioids,2021,10614
896,Thailand,sedatives,2021,96
897,Thailand,sedatives,2021,3
898,Thailand,sedatives,2021,1
899,Thailand,ecstasy,2020,12191
900,Thailand,ecstasy,2020,11965
901,Thailand,amphetaminetype,2020,3713587
902,Thailand,amphetaminetype,2020,2507260
903,Thailand,cannabistype,2020,4161160
904,Thailand,cannabistype,2020,724398
905,Thailand,cannabistype,2020,1575
906,Thailand,cocainetype,2020,3660
907,Thailand,nps,2020,192630
908,Thailand,nps,2020,3530780
909,Thailand,nps,2020,4098
910,Thailand,opioids,2020,187350
911,Thailand,opioids,2020,17524
912,Thailand,opioids,2020,25075
913,Thailand,ecstasy,2019,6600
914,Thailand,cannabistype,2019,2681500
915,Thailand,cannabistype,2019,651200
916,Thailand,cannabistype,2019,8700
917,Thailand,cocainetype,2019,4200
918,Thailand,nps,2019,117500
919,Thailand,nps,2019,2852500
920,Thailand,nps,2019,8570800
921,Thailand,opioids,2019,72300
922,Thailand,opioids,2019,148800
923,Thailand,amphetaminetype,2019,1764300
924,Thailand,amphetaminetype,2019,3555000
925,Thailand,ecstasy,2018,6100
926,Thailand,amphetaminetype,2018,1844100
927,Thailand,amphetaminetype,2018,4636300
928,Thailand,cannabistype,2018,3999700
929,Thailand,cocainetype,2018,5000
930,Thailand,nps,2018,72000
931,Thailand,nps,2018,2596100
932,Thailand,nps,2018,5042300
933,Thailand,opioids,2018,108500
934,Thailand,ecstasy,2017,2500
935,Thailand,amphetaminetype,2017,811400
936,Thailand,amphetaminetype,2017,2160500
937,Thailand,cannabistype,2017,3948600
938,Thailand,cannabistype,2017,136900
939,Thailand,cocainetype,2017,4000
940,Thailand,nps,2017,61700
941,Thailand,nps,2017,11570000
942,Thailand,opioids,2017,59900
943,Thailand,opioids,2017,56300
944,Israel,ecstasy,2021,1993
945,Israel,ecstasy,2021,20800
946,Israel,amphetaminetype,2021,500
947,Israel,amphetaminetype,2021,10200
948,Israel,amphetaminetype,2021,39
949,Israel,amphetaminetype,2021,280
950,Israel,amphetaminetype,2021,21
951,Israel,cannabistype,2021,16500
952,Israel,cannabistype,2021,1150
953,Israel,cannabistype,2021,58100
954,Israel,cocainetype,2021,12500
955,Israel,hallucinogens,2021,2
956,Israel,hallucinogens,2021,100
957,Israel,hallucinogens,2021,1
958,Israel,hallucinogens,2021,155
959,Israel,opioids,2021,700
960,Israel,opioids,2021,2
961,Israel,opioids,2021,1
962,Israel,opioids,2021,5
963,Israel,opioids,2021,4
964,Israel,opioids,2021,190
965,Israel,opioids,2021,240
966,Israel,opioids,2021,13
967,Israel,sedatives,2021,1640
968,Israel,ecstasy,2020,3360
969,Israel,ecstasy,2020,4564
970,Israel,amphetaminetype,2020,11
971,Israel,amphetaminetype,2020,5100
972,Israel,amphetaminetype,2020,30000
973,Israel,cannabistype,2020,1920000
974,Israel,cannabistype,2020,140000
975,Israel,cocainetype,2020,82150
976,Israel,hallucinogens,2020,93
977,Israel,nps,2020,605
978,Israel,opioids,2020,4500
979,Israel,opioids,2020,2
980,Israel,opioids,2020,270
981,Israel,sedatives,2020,3880
982,Israel,ecstasy,2017,4100
983,Israel,ecstasy,2017,9900
984,Israel,amphetaminetype,2017,2300
985,Israel,cannabistype,2017,1499600
986,Israel,cannabistype,2017,67900
987,Israel,cocainetype,2017,16900
988,Israel,hallucinogens,2017,100
989,Israel,opioids,2017,1400
990,Israel,sedatives,2017,400
991,Croatia,ecstasy,2021,713
992,Croatia,amphetaminetype,2021,11000
993,Croatia,amphetaminetype,2021,10
994,Croatia,cannabistype,2021,119000
995,Croatia,cannabistype,2021,147760
996,Croatia,cannabistype,2021,352
997,Croatia,cocainetype,2021,74504
998,Croatia,opioids,2021,24970
999,Croatia,sedatives,2021,499
1000,Croatia,ecstasy,2020,365
1001,Croatia,amphetaminetype,2020,4568
1002,Croatia,amphetaminetype,2020,2
1003,Croatia,cannabistype,2020,168307
1004,Croatia,cannabistype,2020,265
1005,Croatia,cannabistype,2020,3
1006,Croatia,cocainetype,2020,6005
1007,Croatia,opioids,2020,1282
1008,Croatia,opioids,2020,4
1009,Croatia,sedatives,2020,137
1010,Croatia,ecstasy,2019,1600
1011,Croatia,amphetaminetype,2019,4100
1012,Croatia,cannabistype,2019,223100
1013,Croatia,cannabistype,2019,30400
1014,Croatia,cannabistype,2019,14800
1015,Croatia,cocainetype,2019,1600
1016,Croatia,opioids,2019,1200
1017,Croatia,sedatives,2019,200
1018,Croatia,ecstasy,2018,1200
1019,Croatia,amphetaminetype,2018,3700
1020,Croatia,cannabistype,2018,468700
1021,Croatia,cannabistype,2018,36100
1022,Croatia,cannabistype,2018,5000
1023,Croatia,cannabistype,2018,100
1024,Croatia,cocainetype,2018,10900
1025,Croatia,opioids,2018,500
1026,Croatia,ecstasy,2017,900
1027,Croatia,amphetaminetype,2017,3800
1028,Croatia,cannabistype,2017,240900
1029,Croatia,cannabistype,2017,74100
1030,Croatia,cannabistype,2017,800
1031,Croatia,cocainetype,2017,46600
1032,Croatia,opioids,2017,2700
1033,Croatia,sedatives,2017,100
1034,Austria,ecstasy,2021,881
1035,Austria,ecstasy,2021,1440
1036,Austria,amphetaminetype,2021,8343
1037,Austria,amphetaminetype,2021,1048
1038,Austria,amphetaminetype,2021,15
1039,Austria,amphetaminetype,2021,2243
1040,Austria,amphetaminetype,2021,21
1041,Austria,cannabistype,2021,173904
1042,Austria,cannabistype,2021,780
1043,Austria,cannabistype,2021,412300
1044,Austria,cannabistype,2021,36651
1045,Austria,cocainetype,2021,8053
1046,Austria,hallucinogens,2021,410
1047,Austria,hallucinogens,2021,65
1048,Austria,nps,2021,18046
1049,Austria,opioids,2021,7153
1050,Austria,opioids,2021,92
1051,Austria,opioids,2021,1726
1052,Austria,opioids,2021,2428
1053,Austria,opioids,2021,12
1054,Austria,opioids,2021,1
1055,Austria,opioids,2021,4
1056,Austria,opioids,2021,3
1057,Austria,opioids,2021,2
1058,Austria,opioids,2021,18
1059,Austria,sedatives,2021,16
1060,Austria,sedatives,2021,1
1061,Austria,sedatives,2021,296
1062,Austria,ecstasy,2020,1494
1063,Austria,ecstasy,2020,2416
1064,Austria,amphetaminetype,2020,3684
1065,Austria,amphetaminetype,2020,924
1066,Austria,amphetaminetype,2020,15
1067,Austria,amphetaminetype,2020,20
1068,Austria,cannabistype,2020,203185
1069,Austria,cannabistype,2020,320
1070,Austria,cannabistype,2020,178810
1071,Austria,cannabistype,2020,2172
1072,Austria,cocainetype,2020,6298
1073,Austria,hallucinogens,2020,742
1074,Austria,hallucinogens,2020,71
1075,Austria,nps,2020,109477
1076,Austria,opioids,2020,10427
1077,Austria,opioids,2020,1849
1078,Austria,opioids,2020,9436
1079,Austria,opioids,2020,3
1080,Austria,opioids,2020,8
1081,Austria,opioids,2020,1
1082,Austria,sedatives,2020,130
1083,Austria,sedatives,2020,68
1084,Austria,ecstasy,2019,900
1085,Austria,ecstasy,2019,2100
1086,Austria,amphetaminetype,2019,12200
1087,Austria,amphetaminetype,2019,3100
1088,Austria,cannabistype,2019,121600
1089,Austria,cannabistype,2019,400
1090,Austria,cannabistype,2019,265700
1091,Austria,cannabistype,2019,14700
1092,Austria,cocainetype,2019,300
1093,Austria,cocainetype,2019,8700
1094,Austria,nps,2019,3700
1095,Austria,opioids,2019,9500
1096,Austria,opioids,2019,2200
1097,Austria,opioids,2019,2100
1098,Austria,opioids,2019,200
1099,Austria,sedatives,2019,100
1100,Austria,ecstasy,2018,1200
1101,Austria,ecstasy,2018,2300
1102,Austria,amphetaminetype,2018,7700
1103,Austria,amphetaminetype,2018,800
1104,Austria,cannabistype,2018,138200
1105,Austria,cannabistype,2018,700
1106,Austria,cannabistype,2018,245700
1107,Austria,cannabistype,2018,11100
1108,Austria,cocainetype,2018,7500
1109,Austria,nps,2018,100
1110,Austria,opioids,2018,7600
1111,Austria,opioids,2018,400
1112,Austria,opioids,2018,77400
1113,Austria,opioids,2018,300
1114,Austria,ecstasy,2017,400
1115,Austria,ecstasy,2017,12100
1116,Austria,amphetaminetype,2017,5000
1117,Austria,amphetaminetype,2017,500
1118,Austria,cannabistype,2017,155700
1119,Austria,cannabistype,2017,200
1120,Austria,cannabistype,2017,311000
1121,Austria,cannabistype,2017,10000
1122,Austria,cocainetype,2017,7100
1123,Austria,nps,2017,200
1124,Austria,opioids,2017,7000
1125,Austria,opioids,2017,1500
1126,Austria,opioids,2017,200
1127,Belgium,ecstasy,2021,24888
1128,Belgium,ecstasy,2021,12377
1129,Belgium,amphetaminetype,2021,27700
1130,Belgium,amphetaminetype,2021,11000
1131,Belgium,amphetaminetype,2021,17
1132,Belgium,amphetaminetype,2021,3
1133,Belgium,amphetaminetype,2021,27938
1134,Belgium,cannabistype,2021,17
1135,Belgium,cannabistype,2021,63909
1136,Belgium,cannabistype,2021,1345113
1137,Belgium,cocainetype,2021,9632080
1138,Belgium,hallucinogens,2021,71
1139,Belgium,hallucinogens,2021,5
1140,Belgium,hallucinogens,2021,140
1141,Belgium,nps,2021,21865
1142,Belgium,nps,2021,947300
1143,Belgium,nps,2021,1440
1144,Belgium,nps,2021,960
1145,Belgium,opioids,2021,155439
1146,Belgium,opioids,2021,5
1147,Belgium,opioids,2021,20
1148,Belgium,opioids,2021,3
1149,Belgium,opioids,2021,1
1150,Belgium,precursors,2021,66500
1151,Belgium,precursors,2021,220960
1152,Belgium,precursors,2021,12000
1153,Belgium,precursors,2021,350
1154,Belgium,sedatives,2021,8
1155,Belgium,sedatives,2021,10
1156,Belgium,sedatives,2021,2
1157,Belgium,sedatives,2021,25
1158,Belgium,sedatives,2021,4
1159,Belgium,sedatives,2021,75
1160,Belgium,ecstasy,2020,34960
1161,Belgium,ecstasy,2020,35075
1162,Belgium,ecstasy,2020,6618
1163,Belgium,amphetaminetype,2020,16434
1164,Belgium,amphetaminetype,2020,6
1165,Belgium,amphetaminetype,2020,96875
1166,Belgium,amphetaminetype,2020,904
1167,Belgium,amphetaminetype,2020,7700
1168,Belgium,amphetaminetype,2020,11
1169,Belgium,any,2020,225
1170,Belgium,any,2020,1862
1171,Belgium,any,2020,6794
1172,Belgium,cannabistype,2020,49
1173,Belgium,cannabistype,2020,113532
1174,Belgium,cannabistype,2020,24
1175,Belgium,cannabistype,2020,1
1176,Belgium,cannabistype,2020,2957
1177,Belgium,cannabistype,2020,1392401
1178,Belgium,cocainetype,2020,7025448
1179,Belgium,hallucinogens,2020,45
1180,Belgium,hallucinogens,2020,179
1181,Belgium,nps,2020,75
1182,Belgium,nps,2020,15451
1183,Belgium,nps,2020,1100
1184,Belgium,nps,2020,445265
1185,Belgium,opioids,2020,68444
1186,Belgium,opioids,2020,2
1187,Belgium,opioids,2020,1
1188,Belgium,opioids,2020,1238
1189,Belgium,opioids,2020,9
1190,Belgium,precursors,2020,1000
1191,Belgium,precursors,2020,194800
1192,Belgium,sedatives,2020,5132
1193,Belgium,sedatives,2020,188
1194,Belgium,sedatives,2020,5
1195,Belgium,ecstasy,2019,25000
1196,Belgium,ecstasy,2019,11100
1197,Belgium,amphetaminetype,2019,102700
1198,Belgium,amphetaminetype,2019,2500
1199,Belgium,cannabistype,2019,115400
1200,Belgium,cannabistype,2019,800
1201,Belgium,cannabistype,2019,17400
1202,Belgium,cannabistype,2019,3500
1203,Belgium,cocainetype,2019,6524800
1204,Belgium,nps,2019,16500
1205,Belgium,nps,2019,1200
1206,Belgium,nps,2019,800
1207,Belgium,nps,2019,357300
1208,Belgium,nps,2019,100
1209,Belgium,opioids,2019,192900
1210,Belgium,opioids,2019,100
1211,Belgium,opioids,2019,2400
1212,Belgium,sedatives,2019,100
1213,Belgium,sedatives,2019,200
1214,Belgium,sedatives,2019,700
1215,Belgium,sedatives,2019,1000000
1216,Belgium,ecstasy,2018,24500
1217,Belgium,ecstasy,2018,58700
1218,Belgium,ecstasy,2018,6100
1219,Belgium,amphetaminetype,2018,1800
1220,Belgium,amphetaminetype,2018,5700
1221,Belgium,cannabistype,2018,1729000
1222,Belgium,cannabistype,2018,17800
1223,Belgium,cannabistype,2018,4222600
1224,Belgium,cannabistype,2018,10800
1225,Belgium,cannabistype,2018,2800
1226,Belgium,cocainetype,2018,5303200
1227,Belgium,hallucinogens,2018,400
1228,Belgium,nps,2018,3000
1229,Belgium,nps,2018,237500
1230,Belgium,opioids,2018,453700
1231,Belgium,opioids,2018,100
1232,Belgium,opioids,2018,300
1233,Belgium,sedatives,2018,1400
1234,Belgium,sedatives,2018,3000
1235,Belgium,sedatives,2018,304000
1236,Belgium,ecstasy,2017,3500
1237,Belgium,ecstasy,2017,13300
1238,Belgium,amphetaminetype,2017,400
1239,Belgium,amphetaminetype,2017,12800
1240,Belgium,amphetaminetype,2017,3500
1241,Belgium,amphetaminetype,2017,18500
1242,Belgium,cannabistype,2017,94600
1243,Belgium,cannabistype,2017,4165800
1244,Belgium,cannabistype,2017,94700
1245,Belgium,cannabistype,2017,800
1246,Belgium,cocainetype,2017,4475200
1247,Belgium,hallucinogens,2017,1200
1248,Belgium,nps,2017,3300
1249,Belgium,nps,2017,251000
1250,Belgium,nps,2017,1500
1251,Belgium,opioids,2017,5300
1252,Belgium,opioids,2017,113300
1253,Belgium,opioids,2017,1800
1254,Belgium,sedatives,2017,100
1255,Belgium,sedatives,2017,200
1256,Belgium,sedatives,2017,30500
1257,Czechia,ecstasy,2021,423
1258,Czechia,ecstasy,2021,252
1259,Czechia,amphetaminetype,2021,125
1260,Czechia,amphetaminetype,2021,3340
1261,Czechia,amphetaminetype,2021,40
1262,Czechia,amphetaminetype,2021,3
1263,Czechia,amphetaminetype,2021,1
1264,Czechia,cannabistype,2021,137000
1265,Czechia,cannabistype,2021,4
1266,Czechia,cannabistype,2021,62
1267,Czechia,cannabistype,2021,172370
1268,Czechia,cannabistype,2021,104
1269,Czechia,cocainetype,2021,18066
1270,Czechia,hallucinogens,2021,1
1271,Czechia,hallucinogens,2021,563
1272,Czechia,hallucinogens,2021,48
1273,Czechia,hallucinogens,2021,5
1274,Czechia,nps,2021,6260
1275,Czechia,opioids,2021,10720
1276,Czechia,opioids,2021,2
1277,Czechia,opioids,2021,1
1278,Czechia,opioids,2021,3
1279,Czechia,precursors,2021,140
1280,Czechia,precursors,2021,172
1281,Czechia,precursors,2021,1190
1282,Czechia,precursors,2021,4941
1283,Czechia,sedatives,2021,59
1284,Czechia,sedatives,2021,4
1285,Czechia,sedatives,2021,13
1286,Czechia,sedatives,2021,11
1287,Czechia,ecstasy,2020,2065
1288,Czechia,ecstasy,2020,2406
1289,Czechia,amphetaminetype,2020,3
1290,Czechia,amphetaminetype,2020,186
1291,Czechia,amphetaminetype,2020,2960
1292,Czechia,amphetaminetype,2020,3018
1293,Czechia,amphetaminetype,2020,1
1294,Czechia,cannabistype,2020,65513
1295,Czechia,cannabistype,2020,159900
1296,Czechia,cannabistype,2020,119
1297,Czechia,cannabistype,2020,17
1298,Czechia,cocainetype,2020,264
1299,Czechia,hallucinogens,2020,1
1300,Czechia,hallucinogens,2020,2
1301,Czechia,hallucinogens,2020,38
1302,Czechia,nps,2020,6
1303,Czechia,nps,2020,11347
1304,Czechia,opioids,2020,29
1305,Czechia,opioids,2020,3
1306,Czechia,opioids,2020,7
1307,Czechia,opioids,2020,1
1308,Czechia,opioids,2020,6
1309,Czechia,opioids,2020,2
1310,Czechia,opioids,2020,5
1311,Czechia,precursors,2020,63
1312,Czechia,sedatives,2020,5
1313,Czechia,sedatives,2020,1
1314,Czechia,ecstasy,2019,3700
1315,Czechia,ecstasy,2019,2000
1316,Czechia,amphetaminetype,2019,100
1317,Czechia,amphetaminetype,2019,2800
1318,Czechia,amphetaminetype,2019,400
1319,Czechia,cannabistype,2019,54600
1320,Czechia,cannabistype,2019,269300
1321,Czechia,cannabistype,2019,200
1322,Czechia,cocainetype,2019,18700
1323,Czechia,cocainetype,2019,200
1324,Czechia,nps,2019,100
1325,Czechia,nps,2019,56400
1326,Czechia,opioids,2019,900
1327,Czechia,ecstasy,2018,900
1328,Czechia,amphetaminetype,2018,100
1329,Czechia,amphetaminetype,2018,10600
1330,Czechia,amphetaminetype,2018,800
1331,Czechia,cannabistype,2018,94800
1332,Czechia,cannabistype,2018,283300
1333,Czechia,cannabistype,2018,300
1334,Czechia,cocainetype,2018,2400
1335,Czechia,cocainetype,2018,200
1336,Czechia,opioids,2018,100
1337,Czechia,ecstasy,2017,500
1338,Czechia,ecstasy,2017,400
1339,Czechia,amphetaminetype,2017,200
1340,Czechia,amphetaminetype,2017,9300
1341,Czechia,cannabistype,2017,109500
1342,Czechia,cannabistype,2017,900
1343,Czechia,cocainetype,2017,2700
1344,Czechia,nps,2017,10000
1345,Czechia,nps,2017,100
1346,Czechia,opioids,2017,1900
1347,Italy,ecstasy,2021,843
1348,Italy,ecstasy,2021,170
1349,Italy,amphetaminetype,2021,901
1350,Italy,amphetaminetype,2021,6
1351,Italy,amphetaminetype,2021,2595
1352,Italy,amphetaminetype,2021,182
1353,Italy,amphetaminetype,2021,45
1354,Italy,amphetaminetype,2021,1
1355,Italy,amphetaminetype,2021,2
1356,Italy,any,2021,36
1357,Italy,cannabistype,2021,4685301
1358,Italy,cannabistype,2021,2570
1359,Italy,cannabistype,2021,2054
1360,Italy,cannabistype,2021,3
1361,Italy,cannabistype,2021,2910
1362,Italy,cannabistype,2021,3004480
1363,Italy,cannabistype,2021,2
1364,Italy,cannabistype,2021,19
1365,Italy,cannabistype,2021,2083889
1366,Italy,cocainetype,2021,693
1367,Italy,cocainetype,2021,8
1368,Italy,cocainetype,2021,7
1369,Italy,cocainetype,2021,13
1370,Italy,cocainetype,2021,335
1371,Italy,cocainetype,2021,2006847
1372,Italy,hallucinogens,2021,110
1373,Italy,hallucinogens,2021,7585
1374,Italy,hallucinogens,2021,191
1375,Italy,hallucinogens,2021,1
1376,Italy,hallucinogens,2021,51
1377,Italy,nps,2021,229396
1378,Italy,opioids,2021,56752
1379,Italy,opioids,2021,132
1380,Italy,opioids,2021,319
1381,Italy,opioids,2021,1
1382,Italy,opioids,2021,3
1383,Italy,opioids,2021,400
1384,Italy,opioids,2021,5
1385,Italy,opioids,2021,26363
1386,Italy,opioids,2021,35
1387,Italy,opioids,2021,1298
1388,Italy,opioids,2021,2
1389,Italy,opioids,2021,6
1390,Italy,sedatives,2021,1
1391,Italy,sedatives,2021,1295
1392,Italy,sedatives,2021,8947
1393,Italy,sedatives,2021,334
1394,Italy,sedatives,2021,4
1395,Italy,sedatives,2021,560
1396,Italy,ecstasy,2020,1110
1397,Italy,ecstasy,2020,308
1398,Italy,amphetaminetype,2020,1421319
1399,Italy,amphetaminetype,2020,4323
1400,Italy,amphetaminetype,2020,49
1401,Italy,amphetaminetype,2020,189
1402,Italy,amphetaminetype,2020,151
1403,Italy,any,2020,109
1404,Italy,cannabistype,2020,67
1405,Italy,cannabistype,2020,1986289
1406,Italy,cannabistype,2020,1561
1407,Italy,cannabistype,2020,13
1408,Italy,cannabistype,2020,4143960
1409,Italy,cannabistype,2020,6
1410,Italy,cannabistype,2020,973181
1411,Italy,cocainetype,2020,2
1412,Italy,cocainetype,2020,20
1413,Italy,cocainetype,2020,1342604
1414,Italy,cocainetype,2020,670
1415,Italy,cocainetype,2020,4
1416,Italy,hallucinogens,2020,2142
1417,Italy,hallucinogens,2020,4
1418,Italy,nps,2020,6
1419,Italy,nps,2020,7
1420,Italy,opioids,2020,1
1421,Italy,opioids,2020,51239
1422,Italy,opioids,2020,727
1423,Italy,opioids,2020,227
1424,Italy,opioids,2020,120
1425,Italy,opioids,2020,1030
1426,Italy,opioids,2020,2266500
1427,Italy,opioids,2020,32
1428,Italy,opioids,2020,381
1429,Italy,opioids,2020,4
1430,Italy,opioids,2020,1060
1431,Italy,opioids,2020,8
1432,Italy,opioids,2020,21
1433,Italy,sedatives,2020,1
1434,Italy,sedatives,2020,5757
1435,Italy,sedatives,2020,18
1436,Italy,sedatives,2020,1135
1437,Italy,ecstasy,2019,3700
1438,Italy,ecstasy,2019,500
1439,Italy,amphetaminetype,2019,1000
1440,Italy,amphetaminetype,2019,2300
1441,Italy,amphetaminetype,2019,700
1442,Italy,amphetaminetype,2019,800
1443,Italy,amphetaminetype,2019,100
1444,Italy,any,2019,100
1445,Italy,cannabistype,2019,100
1446,Italy,cannabistype,2019,2363200
1447,Italy,cannabistype,2019,1900
1448,Italy,cannabistype,2019,600
1449,Italy,cannabistype,2019,2235400
1450,Italy,cannabistype,2019,2098600
1451,Italy,cocainetype,2019,700
1452,Italy,cocainetype,2019,826300
1453,Italy,hallucinogens,2019,1700
1454,Italy,hallucinogens,2019,200
1455,Italy,nps,2019,2000
1456,Italy,nps,2019,80500
1457,Italy,opioids,2019,61500
1458,Italy,opioids,2019,1800
1459,Italy,opioids,2019,200
1460,Italy,opioids,2019,19400
1461,Italy,opioids,2019,400
1462,Italy,opioids,2019,2200
1463,Italy,sedatives,2019,100
1464,Italy,sedatives,2019,700
1465,Italy,sedatives,2019,400
1466,Italy,ecstasy,2018,2100
1467,Italy,ecstasy,2018,600
1468,Italy,amphetaminetype,2018,1400
1469,Italy,any,2018,200
1470,Italy,cannabistype,2018,200
1471,Italy,cannabistype,2018,3917900
1472,Italy,cannabistype,2018,800
1473,Italy,cannabistype,2018,14300
1474,Italy,cannabistype,2018,5231800
1475,Italy,cannabistype,2018,7852200
1476,Italy,cocainetype,2018,362300
1477,Italy,cocainetype,2018,100
1478,Italy,hallucinogens,2018,2000
1479,Italy,nps,2018,56200
1480,Italy,opioids,2018,97500
1481,Italy,opioids,2018,17200
1482,Italy,opioids,2018,6200
1483,Italy,opioids,2018,1700
1484,Italy,opioids,2018,100
1485,Italy,sedatives,2018,200
1486,Italy,ecstasy,2017,800
1487,Italy,ecstasy,2017,300
1488,Italy,amphetaminetype,2017,1100
1489,Italy,amphetaminetype,2017,5700
1490,Italy,amphetaminetype,2017,200
1491,Italy,any,2017,2300
1492,Italy,cannabistype,2017,100
1493,Italy,cannabistype,2017,9009700
1494,Italy,cannabistype,2017,3400
1495,Italy,cannabistype,2017,200
1496,Italy,cannabistype,2017,2656400
1497,Italy,cannabistype,2017,1872200
1498,Italy,cocainetype,2017,600
1499,Italy,cocainetype,2017,409900
1500,Italy,cocainetype,2017,100
1501,Italy,hallucinogens,2017,200
1502,Italy,hallucinogens,2017,6300
1503,Italy,hallucinogens,2017,1500
1504,Italy,hallucinogens,2017,300
1505,Italy,nps,2017,900
1506,Italy,nps,2017,200
1507,Italy,nps,2017,67300
1508,Italy,opioids,2017,61000
1509,Italy,opioids,2017,100
1510,Italy,opioids,2017,200
1511,Italy,opioids,2017,16200
1512,Italy,opioids,2017,13100
1513,Italy,opioids,2017,1900
1514,Italy,sedatives,2017,100
1515,Italy,sedatives,2017,200
1516,Luxembourg,amphetaminetype,2021,195
1517,Luxembourg,any,2021,3375
1518,Luxembourg,any,2021,121
1519,Luxembourg,cannabistype,2021,1399
1520,Luxembourg,cannabistype,2021,10
1521,Luxembourg,cannabistype,2021,760
1522,Luxembourg,cannabistype,2021,3926
1523,Luxembourg,cannabistype,2021,2
1524,Luxembourg,cannabistype,2021,1
1525,Luxembourg,cocainetype,2021,367
1526,Luxembourg,cocainetype,2021,2
1527,Luxembourg,hallucinogens,2021,9
1528,Luxembourg,opioids,2021,221
1529,Luxembourg,opioids,2021,1
1530,Luxembourg,opioids,2021,20
1531,Luxembourg,ecstasy,2020,785
1532,Luxembourg,amphetaminetype,2020,3
1533,Luxembourg,any,2020,1
1534,Luxembourg,any,2020,5
1535,Luxembourg,any,2020,52
1536,Luxembourg,cannabistype,2020,8971
1537,Luxembourg,cannabistype,2020,70
1538,Luxembourg,cannabistype,2020,1189
1539,Luxembourg,cannabistype,2020,19
1540,Luxembourg,cannabistype,2020,4
1541,Luxembourg,cannabistype,2020,2
1542,Luxembourg,cocainetype,2020,1123
1543,Luxembourg,hallucinogens,2020,11
1544,Luxembourg,nps,2020,1820
1545,Luxembourg,opioids,2020,147
1546,Luxembourg,opioids,2020,29
1547,Luxembourg,opioids,2020,137
1548,Luxembourg,opioids,2020,1
1549,Luxembourg,precursors,2020,1
1550,Luxembourg,ecstasy,2019,1200
1551,Luxembourg,cannabistype,2019,9800
1552,Luxembourg,cannabistype,2019,200
1553,Luxembourg,cocainetype,2019,200
1554,Luxembourg,nps,2019,900
1555,Luxembourg,nps,2019,100
1556,Luxembourg,opioids,2019,600
1557,Luxembourg,amphetaminetype,2018,200
1558,Luxembourg,any,2018,50000
1559,Luxembourg,cannabistype,2018,3500
1560,Luxembourg,cannabistype,2018,300
1561,Luxembourg,cannabistype,2018,18100
1562,Luxembourg,cocainetype,2018,34700
1563,Luxembourg,nps,2018,7800
1564,Luxembourg,opioids,2018,300
1565,Luxembourg,cannabistype,2017,11300
1566,Luxembourg,cannabistype,2017,700
1567,Luxembourg,cannabistype,2017,1900
1568,Luxembourg,cocainetype,2017,300
1569,Luxembourg,nps,2017,100
1570,Luxembourg,opioids,2017,100
1571,Malta,ecstasy,2021,9
1572,Malta,amphetaminetype,2021,3
1573,Malta,amphetaminetype,2021,4
1574,Malta,cannabistype,2021,18800
1575,Malta,cannabistype,2021,720
1576,Malta,cannabistype,2021,560
1577,Malta,cannabistype,2021,2700
1578,Malta,cocainetype,2021,2
1579,Malta,cocainetype,2021,76240
1580,Malta,hallucinogens,2021,40
1581,Malta,nps,2021,11800
1582,Malta,opioids,2021,6
1583,Malta,cannabistype,2020,15112
1584,Malta,cannabistype,2020,40
1585,Malta,cannabistype,2020,36
1586,Malta,cocainetype,2020,52454
1587,Malta,nps,2020,203
1588,Malta,opioids,2020,185
1589,Malta,cocainetype,2019,6000
1590,Malta,cocainetype,2019,69000
1591,Malta,cannabistype,2018,59500
1592,Malta,cannabistype,2018,1736600
1593,Malta,cocainetype,2018,18800
1594,Malta,opioids,2018,500
1595,Malta,cannabistype,2017,19400
1596,Malta,cannabistype,2017,100
1597,Malta,cannabistype,2017,59100
1598,Malta,cocainetype,2017,32300
1599,Malta,nps,2017,100
1600,Malta,opioids,2017,1300
1601,Malta,opioids,2017,584000
1602,Portugal,ecstasy,2021,197
1603,Portugal,amphetaminetype,2021,88
1604,Portugal,amphetaminetype,2021,3
1605,Portugal,amphetaminetype,2021,6
1606,Portugal,amphetaminetype,2021,390
1607,Portugal,cannabistype,2021,128923
1608,Portugal,cannabistype,2021,515
1609,Portugal,cannabistype,2021,1
1610,Portugal,cannabistype,2021,300
1611,Portugal,cannabistype,2021,265200
1612,Portugal,cannabistype,2021,1482112
1613,Portugal,cannabistype,2021,3979
1614,Portugal,cannabistype,2021,12
1615,Portugal,cannabistype,2021,2277
1616,Portugal,cocainetype,2021,4
1617,Portugal,cocainetype,2021,991624
1618,Portugal,hallucinogens,2021,1886
1619,Portugal,hallucinogens,2021,2
1620,Portugal,hallucinogens,2021,4
1621,Portugal,nps,2021,26752
1622,Portugal,nps,2021,156
1623,Portugal,opioids,2021,2288
1624,Portugal,opioids,2021,154000
1625,Portugal,opioids,2021,68
1626,Portugal,opioids,2021,860
1627,Portugal,sedatives,2021,2
1628,Portugal,sedatives,2021,3
1629,Portugal,ecstasy,2020,108
1630,Portugal,ecstasy,2020,10
1631,Portugal,amphetaminetype,2020,12
1632,Portugal,amphetaminetype,2020,7
1633,Portugal,amphetaminetype,2020,3
1634,Portugal,amphetaminetype,2020,4
1635,Portugal,cannabistype,2020,82139
1636,Portugal,cannabistype,2020,35
1637,Portugal,cannabistype,2020,1380
1638,Portugal,cannabistype,2020,286920
1639,Portugal,cannabistype,2020,3355154
1640,Portugal,cannabistype,2020,1214
1641,Portugal,cocainetype,2020,1006634
1642,Portugal,hallucinogens,2020,1597
1643,Portugal,hallucinogens,2020,3
1644,Portugal,nps,2020,37460
1645,Portugal,opioids,2020,2320
1646,Portugal,opioids,2020,13100
1647,Portugal,opioids,2020,3
1648,Portugal,ecstasy,2019,200
1649,Portugal,ecstasy,2019,400
1650,Portugal,amphetaminetype,2019,300
1651,Portugal,cannabistype,2019,49200
1652,Portugal,cannabistype,2019,500
1653,Portugal,cannabistype,2019,120800
1654,Portugal,cannabistype,2019,323500
1655,Portugal,cannabistype,2019,400
1656,Portugal,cocainetype,2019,900
1657,Portugal,cocainetype,2019,1056700
1658,Portugal,hallucinogens,2019,1400
1659,Portugal,nps,2019,48500
1660,Portugal,opioids,2019,1500
1661,Portugal,ecstasy,2018,1900
1662,Portugal,ecstasy,2018,100
1663,Portugal,cannabistype,2018,13800
1664,Portugal,cannabistype,2018,87100
1665,Portugal,cannabistype,2018,2100
1666,Portugal,cannabistype,2018,417300
1667,Portugal,cannabistype,2018,1400
1668,Portugal,cocainetype,2018,554100
1669,Portugal,hallucinogens,2018,8800
1670,Portugal,nps,2018,6500
1671,Portugal,opioids,2018,2600
1672,Portugal,opioids,2018,100
1673,Portugal,precursors,2018,482100
1674,Portugal,ecstasy,2017,500
1675,Portugal,amphetaminetype,2017,100
1676,Portugal,cannabistype,2017,41000
1677,Portugal,cannabistype,2017,229100
1678,Portugal,cannabistype,2017,1479100
1679,Portugal,cannabistype,2017,1300
1680,Portugal,cocainetype,2017,273400
1681,Portugal,hallucinogens,2017,200
1682,Portugal,nps,2017,32400
1683,Portugal,nps,2017,24200
1684,Portugal,opioids,2017,2900
1685,Slovenia,ecstasy,2021,6649
1686,Slovenia,ecstasy,2021,12348
1687,Slovenia,amphetaminetype,2021,7
1688,Slovenia,amphetaminetype,2021,97
1689,Slovenia,amphetaminetype,2021,9692
1690,Slovenia,amphetaminetype,2021,1
1691,Slovenia,amphetaminetype,2021,664
1692,Slovenia,amphetaminetype,2021,972
1693,Slovenia,any,2021,4
1694,Slovenia,any,2021,136
1695,Slovenia,any,2021,2
1696,Slovenia,any,2021,7
1697,Slovenia,any,2021,25
1698,Slovenia,any,2021,67
1699,Slovenia,cannabistype,2021,120508
1700,Slovenia,cannabistype,2021,228520
1701,Slovenia,cannabistype,2021,27
1702,Slovenia,cannabistype,2021,45
1703,Slovenia,cannabistype,2021,158
1704,Slovenia,cannabistype,2021,2066
1705,Slovenia,cocainetype,2021,82791
1706,Slovenia,hallucinogens,2021,3
1707,Slovenia,hallucinogens,2021,1013
1708,Slovenia,nps,2021,18
1709,Slovenia,nps,2021,9
1710,Slovenia,nps,2021,2
1711,Slovenia,nps,2021,1
1712,Slovenia,opioids,2021,1
1713,Slovenia,opioids,2021,22615
1714,Slovenia,opioids,2021,2
1715,Slovenia,opioids,2021,5
1716,Slovenia,opioids,2021,146
1717,Slovenia,precursors,2021,247000
1718,Slovenia,precursors,2021,5
1719,Slovenia,sedatives,2021,3
1720,Slovenia,sedatives,2021,8
1721,Slovenia,sedatives,2021,1
1722,Slovenia,sedatives,2021,22
1723,Slovenia,sedatives,2021,16
1724,Slovenia,sedatives,2021,151
1725,Slovenia,sedatives,2021,70
1726,Slovenia,ecstasy,2020,353
1727,Slovenia,ecstasy,2020,98
1728,Slovenia,amphetaminetype,2020,1
1729,Slovenia,amphetaminetype,2020,106
1730,Slovenia,amphetaminetype,2020,10781
1731,Slovenia,amphetaminetype,2020,8
1732,Slovenia,amphetaminetype,2020,22
1733,Slovenia,cannabistype,2020,141292
1734,Slovenia,cannabistype,2020,233440
1735,Slovenia,cannabistype,2020,70
1736,Slovenia,cannabistype,2020,329
1737,Slovenia,cocainetype,2020,857
1738,Slovenia,hallucinogens,2020,2
1739,Slovenia,opioids,2020,7
1740,Slovenia,opioids,2020,489
1741,Slovenia,opioids,2020,1
1742,Slovenia,opioids,2020,212
1743,Slovenia,sedatives,2020,9
1744,Slovenia,sedatives,2020,1
1745,Slovenia,sedatives,2020,1272000
1746,Slovenia,sedatives,2020,11
1747,Slovenia,cannabistype,2019,700
1748,Slovenia,cannabistype,2019,100
1749,Slovenia,cocainetype,2019,100
1750,Slovenia,opioids,2019,74900
1751,Slovenia,amphetaminetype,2018,600
1752,Slovenia,cannabistype,2018,52500
1753,Slovenia,cannabistype,2018,256200
1754,Slovenia,cannabistype,2018,100
1755,Slovenia,cocainetype,2018,1400
1756,Slovenia,opioids,2018,33500
1757,Slovenia,sedatives,2018,100
1758,Slovenia,ecstasy,2017,100
1759,Slovenia,amphetaminetype,2017,600
1760,Slovenia,cannabistype,2017,83100
1761,Slovenia,cannabistype,2017,135100
1762,Slovenia,cannabistype,2017,2000
1763,Slovenia,cocainetype,2017,1200
1764,Slovenia,opioids,2017,1100
1765,Slovenia,opioids,2017,100
1766,Spain,ecstasy,2021,17259
1767,Spain,amphetaminetype,2021,3599
1768,Spain,amphetaminetype,2021,7636
1769,Spain,amphetaminetype,2021,2
1770,Spain,amphetaminetype,2021,521
1771,Spain,amphetaminetype,2021,8
1772,Spain,cannabistype,2021,13971100
1773,Spain,cannabistype,2021,8785
1774,Spain,cannabistype,2021,710
1775,Spain,cannabistype,2021,33351670
1776,Spain,cannabistype,2021,67618200
1777,Spain,cocainetype,2021,4915918
1778,Spain,cocainetype,2021,38210
1779,Spain,hallucinogens,2021,164
1780,Spain,hallucinogens,2021,1
1781,Spain,opioids,2021,23800
1782,Spain,opioids,2021,335
1783,Spain,opioids,2021,1563
1784,Spain,opioids,2021,1
1785,Spain,opioids,2021,86
1786,Spain,opioids,2021,2
1787,Spain,opioids,2021,19314
1788,Spain,sedatives,2021,6
1789,Spain,sedatives,2021,2
1790,Spain,sedatives,2021,434
1791,Spain,sedatives,2021,3630
1792,Spain,ecstasy,2020,43262
1793,Spain,amphetaminetype,2020,1
1794,Spain,amphetaminetype,2020,65
1795,Spain,amphetaminetype,2020,7981
1796,Spain,cannabistype,2020,7007300
1797,Spain,cannabistype,2020,2400
1798,Spain,cannabistype,2020,17022730
1799,Spain,cannabistype,2020,47392500
1800,Spain,cannabistype,2020,41800
1801,Spain,cocainetype,2020,3695000
1802,Spain,cocainetype,2020,30100
1803,Spain,hallucinogens,2020,390
1804,Spain,opioids,2020,17800
1805,Spain,opioids,2020,1200
1806,Spain,opioids,2020,4
1807,Spain,opioids,2020,2
1808,Spain,opioids,2020,357
1809,Spain,sedatives,2020,8
1810,Spain,sedatives,2020,173
1811,Spain,sedatives,2020,17
1812,Spain,sedatives,2020,104
1813,Spain,sedatives,2020,10090
1814,Spain,ecstasy,2019,34000
1815,Spain,ecstasy,2019,7300
1816,Spain,amphetaminetype,2019,43700
1817,Spain,amphetaminetype,2019,2300
1818,Spain,amphetaminetype,2019,155900
1819,Spain,amphetaminetype,2019,5100
1820,Spain,amphetaminetype,2019,100
1821,Spain,amphetaminetype,2019,300
1822,Spain,cannabistype,2019,3986100
1823,Spain,cannabistype,2019,2700
1824,Spain,cannabistype,2019,15390000
1825,Spain,cannabistype,2019,34948900
1826,Spain,cannabistype,2019,2500
1827,Spain,cannabistype,2019,3200
1828,Spain,cannabistype,2019,3000
1829,Spain,cocainetype,2019,100
1830,Spain,cocainetype,2019,3000
1831,Spain,cocainetype,2019,3786800
1832,Spain,cocainetype,2019,27600
1833,Spain,hallucinogens,2019,700
1834,Spain,hallucinogens,2019,100
1835,Spain,nps,2019,700
1836,Spain,nps,2019,1000
1837,Spain,nps,2019,25400
1838,Spain,nps,2019,132400
1839,Spain,nps,2019,100
1840,Spain,opioids,2019,23400
1841,Spain,opioids,2019,200
1842,Spain,opioids,2019,600
1843,Spain,sedatives,2019,200
1844,Spain,sedatives,2019,1800
1845,Spain,solvents,2019,1000
1846,Spain,ecstasy,2018,25800
1847,Spain,ecstasy,2018,100
1848,Spain,ecstasy,2018,3500
1849,Spain,ecstasy,2018,900
1850,Spain,ecstasy,2018,8100
1851,Spain,amphetaminetype,2018,5300
1852,Spain,amphetaminetype,2018,5100
1853,Spain,amphetaminetype,2018,174200
1854,Spain,cannabistype,2018,3722000
1855,Spain,cannabistype,2018,1400
1856,Spain,cannabistype,2018,9811500
1857,Spain,cannabistype,2018,43696300
1858,Spain,cannabistype,2018,4400
1859,Spain,cannabistype,2018,700
1860,Spain,cocainetype,2018,4845300
1861,Spain,cocainetype,2018,23700
1862,Spain,cocainetype,2018,100
1863,Spain,hallucinogens,2018,100
1864,Spain,nps,2018,800
1865,Spain,nps,2018,16000
1866,Spain,nps,2018,136800
1867,Spain,opioids,2018,25100
1868,Spain,opioids,2018,400
1869,Spain,opioids,2018,700
1870,Spain,sedatives,2018,100
1871,Spain,ecstasy,2017,9800
1872,Spain,amphetaminetype,2017,3200
1873,Spain,amphetaminetype,2017,19800
1874,Spain,amphetaminetype,2017,3800
1875,Spain,cannabistype,2017,3451700
1876,Spain,cannabistype,2017,600
1877,Spain,cannabistype,2017,11246700
1878,Spain,cannabistype,2017,33491900
1879,Spain,cannabistype,2017,4800
1880,Spain,cannabistype,2017,900
1881,Spain,cannabistype,2017,400
1882,Spain,cocainetype,2017,4096000
1883,Spain,cocainetype,2017,19600
1884,Spain,cocainetype,2017,300
1885,Spain,hallucinogens,2017,6400
1886,Spain,nps,2017,100
1887,Spain,nps,2017,69000
1888,Spain,nps,2017,700
1889,Spain,opioids,2017,52400
1890,Spain,opioids,2017,200
1891,Spain,opioids,2017,2400
1892,Spain,sedatives,2017,100
1893,Spain,solvents,2017,300
1894,Spain,opioids,2017,100
1895,Switzerland,ecstasy,2021,2364
1896,Switzerland,ecstasy,2021,4
1897,Switzerland,ecstasy,2021,447
1898,Switzerland,amphetaminetype,2021,3
1899,Switzerland,amphetaminetype,2021,4856
1900,Switzerland,amphetaminetype,2021,17
1901,Switzerland,amphetaminetype,2021,1
1902,Switzerland,amphetaminetype,2021,2763
1903,Switzerland,amphetaminetype,2021,10
1904,Switzerland,amphetaminetype,2021,4
1905,Switzerland,amphetaminetype,2021,8
1906,Switzerland,any,2021,11500
1907,Switzerland,any,2021,511
1908,Switzerland,any,2021,3
1909,Switzerland,any,2021,9615
1910,Switzerland,any,2021,116
1911,Switzerland,cannabistype,2021,40
1912,Switzerland,cannabistype,2021,56
1913,Switzerland,cannabistype,2021,86
1914,Switzerland,cannabistype,2021,219500
1915,Switzerland,cannabistype,2021,1
1916,Switzerland,cannabistype,2021,20100
1917,Switzerland,cannabistype,2021,441
1918,Switzerland,cannabistype,2021,60
1919,Switzerland,cannabistype,2021,205900
1920,Switzerland,cannabistype,2021,557500
1921,Switzerland,cannabistype,2021,2
1922,Switzerland,cannabistype,2021,270800
1923,Switzerland,cannabistype,2021,24000
1924,Switzerland,cannabistype,2021,32
1925,Switzerland,cocainetype,2021,11
1926,Switzerland,cocainetype,2021,1
1927,Switzerland,cocainetype,2021,29500
1928,Switzerland,cocainetype,2021,1863
1929,Switzerland,hallucinogens,2021,34
1930,Switzerland,hallucinogens,2021,18
1931,Switzerland,hallucinogens,2021,23
1932,Switzerland,hallucinogens,2021,506
1933,Switzerland,hallucinogens,2021,2
1934,Switzerland,hallucinogens,2021,6036
1935,Switzerland,hallucinogens,2021,7
1936,Switzerland,nps,2021,65400
1937,Switzerland,opioids,2021,16000
1938,Switzerland,opioids,2021,1
1939,Switzerland,opioids,2021,2
1940,Switzerland,opioids,2021,62
1941,Switzerland,opioids,2021,1284
1942,Switzerland,opioids,2021,256
1943,Switzerland,opioids,2021,607
1944,Switzerland,opioids,2021,105
1945,Switzerland,opioids,2021,108
1946,Switzerland,opioids,2021,9
1947,Switzerland,opioids,2021,501
1948,Switzerland,opioids,2021,4629
1949,Switzerland,opioids,2021,289
1950,Switzerland,sedatives,2021,1416
1951,Switzerland,sedatives,2021,961
1952,Switzerland,ecstasy,2020,2317
1953,Switzerland,ecstasy,2020,9
1954,Switzerland,ecstasy,2020,452
1955,Switzerland,amphetaminetype,2020,4
1956,Switzerland,amphetaminetype,2020,4308
1957,Switzerland,amphetaminetype,2020,56
1958,Switzerland,amphetaminetype,2020,949
1959,Switzerland,amphetaminetype,2020,52
1960,Switzerland,amphetaminetype,2020,26
1961,Switzerland,amphetaminetype,2020,51
1962,Switzerland,amphetaminetype,2020,1
1963,Switzerland,amphetaminetype,2020,17
1964,Switzerland,cannabistype,2020,67
1965,Switzerland,cannabistype,2020,166907
1966,Switzerland,cannabistype,2020,115
1967,Switzerland,cannabistype,2020,236
1968,Switzerland,cannabistype,2020,1983
1969,Switzerland,cannabistype,2020,1
1970,Switzerland,cannabistype,2020,106
1971,Switzerland,cannabistype,2020,790
1972,Switzerland,cannabistype,2020,12067
1973,Switzerland,cannabistype,2020,564950
1974,Switzerland,cannabistype,2020,2
1975,Switzerland,cannabistype,2020,99740
1976,Switzerland,cannabistype,2020,766
1977,Switzerland,cannabistype,2020,51
1978,Switzerland,cocainetype,2020,12
1979,Switzerland,cocainetype,2020,10
1980,Switzerland,cocainetype,2020,1
1981,Switzerland,cocainetype,2020,34947
1982,Switzerland,cocainetype,2020,438
1983,Switzerland,hallucinogens,2020,14
1984,Switzerland,hallucinogens,2020,22
1985,Switzerland,hallucinogens,2020,1
1986,Switzerland,hallucinogens,2020,2
1987,Switzerland,hallucinogens,2020,6408
1988,Switzerland,nps,2020,154200
1989,Switzerland,opioids,2020,10
1990,Switzerland,opioids,2020,16767
1991,Switzerland,opioids,2020,64
1992,Switzerland,opioids,2020,4
1993,Switzerland,opioids,2020,111
1994,Switzerland,opioids,2020,268
1995,Switzerland,opioids,2020,31
1996,Switzerland,opioids,2020,143
1997,Switzerland,opioids,2020,12
1998,Switzerland,sedatives,2020,865
1999,Switzerland,sedatives,2020,1730
2000,Switzerland,ecstasy,2019,11200
2001,Switzerland,amphetaminetype,2019,6300
2002,Switzerland,amphetaminetype,2019,800
2003,Switzerland,cannabistype,2019,143600
2004,Switzerland,cannabistype,2019,100
2005,Switzerland,cannabistype,2019,14400
2006,Switzerland,cannabistype,2019,65400
2007,Switzerland,cannabistype,2019,800
2008,Switzerland,cocainetype,2019,85700
2009,Switzerland,opioids,2019,11700
2010,Switzerland,ecstasy,2018,1700
2011,Switzerland,ecstasy,2018,600
2012,Switzerland,amphetaminetype,2018,4900
2013,Switzerland,amphetaminetype,2018,600
2014,Switzerland,amphetaminetype,2018,300
2015,Switzerland,any,2018,2300
2016,Switzerland,any,2018,2600
2017,Switzerland,any,2018,800
2018,Switzerland,any,2018,300
2019,Switzerland,any,2018,5200
2020,Switzerland,any,2018,700
2021,Switzerland,any,2018,100
2022,Switzerland,cannabistype,2018,136200
2023,Switzerland,cannabistype,2018,100
2024,Switzerland,cannabistype,2018,3300
2025,Switzerland,cannabistype,2018,2400
2026,Switzerland,cannabistype,2018,43600
2027,Switzerland,cannabistype,2018,3400
2028,Switzerland,cannabistype,2018,53300
2029,Switzerland,cannabistype,2018,244600
2030,Switzerland,cannabistype,2018,200
2031,Switzerland,cannabistype,2018,136400
2032,Switzerland,cannabistype,2018,185800
2033,Switzerland,cannabistype,2018,67500
2034,Switzerland,cannabistype,2018,500
2035,Switzerland,cocainetype,2018,27800
2036,Switzerland,cocainetype,2018,900
2037,Switzerland,cocainetype,2018,100
2038,Switzerland,hallucinogens,2018,100
2039,Switzerland,hallucinogens,2018,700
2040,Switzerland,hallucinogens,2018,1300
2041,Switzerland,nps,2018,144900
2042,Switzerland,opioids,2018,15800
2043,Switzerland,opioids,2018,100
2044,Switzerland,opioids,2018,200
2045,Switzerland,ecstasy,2017,700
2046,Switzerland,ecstasy,2017,100
2047,Switzerland,amphetaminetype,2017,1500
2048,Switzerland,amphetaminetype,2017,500
2049,Switzerland,any,2017,300
2050,Switzerland,cannabistype,2017,88800
2051,Switzerland,cannabistype,2017,300
2052,Switzerland,cannabistype,2017,107600
2053,Switzerland,cannabistype,2017,18000
2054,Switzerland,cocainetype,2017,13400
2055,Switzerland,nps,2017,124600
2056,Switzerland,opioids,2017,9900
2057,Switzerland,sedatives,2017,700
2058,Australia,ecstasy,2021,3
2059,Australia,ecstasy,2021,448
2060,Australia,ecstasy,2021,26125
2061,Australia,amphetaminetype,2021,22
2062,Australia,amphetaminetype,2021,9
2063,Australia,amphetaminetype,2021,40
2064,Australia,amphetaminetype,2021,148
2065,Australia,amphetaminetype,2021,1034
2066,Australia,amphetaminetype,2021,698191
2067,Australia,any,2021,211
2068,Australia,any,2021,4673
2069,Australia,any,2021,25044
2070,Australia,any,2021,131399
2071,Australia,any,2021,848
2072,Australia,cannabistype,2021,198
2073,Australia,cannabistype,2021,1232
2074,Australia,cannabistype,2021,711765
2075,Australia,cannabistype,2021,18
2076,Australia,cannabistype,2021,805
2077,Australia,cannabistype,2021,37238
2078,Australia,cannabistype,2021,26690
2079,Australia,cannabistype,2021,1320060
2080,Australia,cannabistype,2021,410823
2081,Australia,cannabistype,2021,15
2082,Australia,cannabistype,2021,16
2083,Australia,cannabistype,2021,5611
2084,Australia,cannabistype,2021,3320
2085,Australia,cannabistype,2021,34860
2086,Australia,cocainetype,2021,282516
2087,Australia,cocainetype,2021,20
2088,Australia,cocainetype,2021,1720
2089,Australia,hallucinogens,2021,2
2090,Australia,hallucinogens,2021,1
2091,Australia,hallucinogens,2021,292
2092,Australia,hallucinogens,2021,21318
2093,Australia,nps,2021,100
2094,Australia,nps,2021,19492
2095,Australia,nps,2021,444498
2096,Australia,nps,2021,3
2097,Australia,nps,2021,177
2098,Australia,opioids,2021,27
2099,Australia,opioids,2021,4
2100,Australia,opioids,2021,126167
2101,Australia,opioids,2021,133
2102,Australia,opioids,2021,2450
2103,Australia,opioids,2021,70
2104,Australia,opioids,2021,302
2105,Australia,opioids,2021,877
2106,Australia,opioids,2021,3
2107,Australia,opioids,2021,33
2108,Australia,opioids,2021,117
2109,Australia,opioids,2021,63
2110,Australia,opioids,2021,314
2111,Australia,opioids,2021,293
2112,Australia,opioids,2021,462
2113,Australia,opioids,2021,2
2114,Australia,precursors,2021,163587
2115,Australia,precursors,2021,252
2116,Australia,precursors,2021,111000
2117,Australia,precursors,2021,64463
2118,Australia,sedatives,2021,18
2119,Australia,sedatives,2021,1
2120,Australia,sedatives,2021,11
2121,Australia,sedatives,2021,92905
2122,Australia,sedatives,2021,630680
2123,Australia,ecstasy,2020,3235
2124,Australia,ecstasy,2020,15
2125,Australia,ecstasy,2020,215529
2126,Australia,ecstasy,2020,341
2127,Australia,amphetaminetype,2020,362234
2128,Australia,amphetaminetype,2020,8035
2129,Australia,amphetaminetype,2020,69
2130,Australia,amphetaminetype,2020,18
2131,Australia,amphetaminetype,2020,167
2132,Australia,amphetaminetype,2020,1098
2133,Australia,amphetaminetype,2020,1255942
2134,Australia,any,2020,2182
2135,Australia,any,2020,722
2136,Australia,any,2020,20919
2137,Australia,any,2020,425504
2138,Australia,any,2020,814
2139,Australia,cannabistype,2020,301
2140,Australia,cannabistype,2020,622481
2141,Australia,cannabistype,2020,632830
2142,Australia,cannabistype,2020,153
2143,Australia,cannabistype,2020,74369
2144,Australia,cannabistype,2020,70
2145,Australia,cannabistype,2020,313718
2146,Australia,cannabistype,2020,735540
2147,Australia,cannabistype,2020,1519160
2148,Australia,cannabistype,2020,950
2149,Australia,cannabistype,2020,4
2150,Australia,cannabistype,2020,1720
2151,Australia,cannabistype,2020,49279
2152,Australia,cannabistype,2020,18
2153,Australia,cannabistype,2020,11453
2154,Australia,cocainetype,2020,4
2155,Australia,cocainetype,2020,151
2156,Australia,cocainetype,2020,428916
2157,Australia,cocainetype,2020,700
2158,Australia,hallucinogens,2020,1633
2159,Australia,hallucinogens,2020,1
2160,Australia,hallucinogens,2020,15392
2161,Australia,hallucinogens,2020,60
2162,Australia,hallucinogens,2020,87
2163,Australia,nps,2020,3
2164,Australia,nps,2020,383
2165,Australia,nps,2020,8
2166,Australia,nps,2020,1
2167,Australia,nps,2020,2
2168,Australia,opioids,2020,2
2169,Australia,opioids,2020,96
2170,Australia,opioids,2020,64740
2171,Australia,opioids,2020,208
2172,Australia,opioids,2020,7952
2173,Australia,opioids,2020,6
2174,Australia,opioids,2020,680
2175,Australia,opioids,2020,801
2176,Australia,opioids,2020,857
2177,Australia,opioids,2020,14
2178,Australia,opioids,2020,296
2179,Australia,opioids,2020,614
2180,Australia,opioids,2020,3
2181,Australia,opioids,2020,251
2182,Australia,opioids,2020,184
2183,Australia,opioids,2020,4
2184,Australia,precursors,2020,10
2185,Australia,precursors,2020,189737
2186,Australia,precursors,2020,48579
2187,Australia,sedatives,2020,32830
2188,Australia,sedatives,2020,227808
2189,Australia,sedatives,2020,6
2190,Australia,sedatives,2020,1380940
2191,Australia,ecstasy,2019,173600
2192,Australia,ecstasy,2019,200
2193,Australia,amphetaminetype,2019,2500
2194,Australia,amphetaminetype,2019,100
2195,Australia,amphetaminetype,2019,300
2196,Australia,amphetaminetype,2019,335000
2197,Australia,amphetaminetype,2019,5300
2198,Australia,amphetaminetype,2019,1300
2199,Australia,amphetaminetype,2019,600
2200,Australia,any,2019,1300
2201,Australia,any,2019,3600
2202,Australia,any,2019,500
2203,Australia,any,2019,65500
2204,Australia,cannabistype,2019,372700
2205,Australia,cannabistype,2019,900
2206,Australia,cannabistype,2019,30700
2207,Australia,cannabistype,2019,800
2208,Australia,cannabistype,2019,235200
2209,Australia,cannabistype,2019,682100
2210,Australia,cannabistype,2019,1000
2211,Australia,cannabistype,2019,91700
2212,Australia,cannabistype,2019,18800
2213,Australia,cocainetype,2019,143400
2214,Australia,hallucinogens,2019,200
2215,Australia,hallucinogens,2019,700
2216,Australia,hallucinogens,2019,1200
2217,Australia,nps,2019,149900
2218,Australia,nps,2019,440000
2219,Australia,nps,2019,7800
2220,Australia,nps,2019,1600
2221,Australia,opioids,2019,21100
2222,Australia,opioids,2019,100
2223,Australia,opioids,2019,6500
2224,Australia,opioids,2019,33500
2225,Australia,opioids,2019,700
2226,Australia,opioids,2019,200
2227,Australia,opioids,2019,300
2228,Australia,precursors,2019,159000
2229,Australia,precursors,2019,200
2230,Australia,sedatives,2019,100
2231,Australia,sedatives,2019,12600
2232,Australia,sedatives,2019,22800
2233,Australia,sedatives,2019,272100
2234,Australia,sedatives,2019,76500
2235,Australia,ecstasy,2018,500
2236,Australia,ecstasy,2018,154600
2237,Australia,amphetaminetype,2018,100
2238,Australia,amphetaminetype,2018,1800
2239,Australia,amphetaminetype,2018,200
2240,Australia,amphetaminetype,2018,487400
2241,Australia,amphetaminetype,2018,1300
2242,Australia,any,2018,6800
2243,Australia,cannabistype,2018,1000
2244,Australia,cannabistype,2018,413500
2245,Australia,cannabistype,2018,700
2246,Australia,cannabistype,2018,131800
2247,Australia,cannabistype,2018,917400
2248,Australia,cannabistype,2018,269500
2249,Australia,cannabistype,2018,1800
2250,Australia,cannabistype,2018,6800
2251,Australia,cocainetype,2018,192700
2252,Australia,cocainetype,2018,600
2253,Australia,hallucinogens,2018,500
2254,Australia,hallucinogens,2018,2500
2255,Australia,nps,2018,3400
2256,Australia,nps,2018,178400
2257,Australia,nps,2018,1100
2258,Australia,opioids,2018,23700
2259,Australia,opioids,2018,10700
2260,Australia,opioids,2018,200
2261,Australia,opioids,2018,2200
2262,Australia,precursors,2018,300
2263,Australia,sedatives,2018,200
2264,Australia,sedatives,2018,100
2265,Australia,sedatives,2018,11300
2266,Australia,sedatives,2018,431000
2267,Australia,sedatives,2018,11100
2268,Australia,ecstasy,2017,302300
2269,Australia,ecstasy,2017,500
2270,Australia,amphetaminetype,2017,9500
2271,Australia,amphetaminetype,2017,557100
2272,Australia,amphetaminetype,2017,500
2273,Australia,amphetaminetype,2017,3100
2274,Australia,amphetaminetype,2017,4200
2275,Australia,amphetaminetype,2017,35500
2276,Australia,amphetaminetype,2017,2100
2277,Australia,amphetaminetype,2017,1300
2278,Australia,amphetaminetype,2017,2300
2279,Australia,any,2017,5900
2280,Australia,any,2017,18900
2281,Australia,any,2017,698300
2282,Australia,any,2017,37200
2283,Australia,cannabistype,2017,100
2284,Australia,cannabistype,2017,1920100
2285,Australia,cannabistype,2017,25100
2286,Australia,cannabistype,2017,400
2287,Australia,cannabistype,2017,160300
2288,Australia,cannabistype,2017,728800
2289,Australia,cannabistype,2017,200
2290,Australia,cannabistype,2017,9300
2291,Australia,cannabistype,2017,300
2292,Australia,cocainetype,2017,200
2293,Australia,cocainetype,2017,414000
2294,Australia,cocainetype,2017,100
2295,Australia,hallucinogens,2017,300
2296,Australia,hallucinogens,2017,1400
2297,Australia,nps,2017,5100
2298,Australia,nps,2017,177900
2299,Australia,nps,2017,200
2300,Australia,nps,2017,1500
2301,Australia,nps,2017,5700
2302,Australia,opioids,2017,24200
2303,Australia,opioids,2017,100
2304,Australia,opioids,2017,10800
2305,Australia,opioids,2017,26400
2306,Australia,opioids,2017,200
2307,Australia,opioids,2017,300
2308,Australia,precursors,2017,533300
2309,Australia,sedatives,2017,300
2310,Australia,sedatives,2017,100
2311,Australia,sedatives,2017,12600
2312,Australia,sedatives,2017,126000
2313,Australia,sedatives,2017,35800
2314,Australia,sedatives,2017,400
